nome,endereco,site,telefone,delivery,retirada,nota,avaliacoes,situacao,tipo,tipos,google_maps
A FAVORITA PIZZARIA Joinville,"R. Ottokar Doerffel, 30 - Anita Garibaldi, Joinville - SC, 89203-001",https://pedido.anota.ai/loja/a-favorita-pizzaria-e-poro?f=msa,(47) 99677-6936,sim,,1.9,13,OPERATIONAL,restaurant,restaurant food point_of_interest establishment,https://maps.google.com/?cid=16068452018757873459&g_mp=Cidnb29nbGUubWFwcy5wbGFjZXMudjEuUGxhY2VzLlNlYXJjaFRleHQQAhgEIAA
Abaré Pizzarias - Express Joinville,"R. Camboriú, 230 - Glória, Joinville - SC, 89216-222",http://www.abarepizzarias.com.br/,,sim,sim,4.3,25,OPERATIONAL,pizza_restaurant,pizza_restaurant restaurant food point_of_interest establishment,https://maps.google.com/?cid=9928387559017840594&g_mp=Cidnb29nbGUubWFwcy5wbGFjZXMudjEuUGxhY2VzLlNlYXJjaFRleHQQAhgEIAA
Academia da Pizza,"Av. Paulo Schroeder, 2730 - Petrópolis, Joinville - SC, 89208-750",https://pedir.delivery/app/academiadapizza/menu,(47) 99238-4141,sim,sim,4.8,292,OPERATIONAL,pizza_restaurant,pizza_restaurant restaurant food point_of_interest establishment,https://maps.google.com/?cid=14020304051826963495&g_mp=Cidnb29nbGUubWFwcy5wbGFjZXMudjEuUGxhY2VzLlNlYXJjaFRleHQQAhgEIAA
Academia do Búrguer,"Av. Paulo Schroeder, 2720 - Petrópolis, Joinville - SC, 89208-750",https://linktr.ee/academiadoburguer,(47) 99238-1414,sim,sim,4.5,1527,OPERATIONAL,hamburger_restaurant,hamburger_restaurant fast_food_restaurant american_restaurant restaurant food point_of_interest establishment,https://maps.google.com/?cid=14793604921763152628&g_mp=Cidnb29nbGUubWFwcy5wbGFjZXMudjEuUGxhY2VzLlNlYXJjaFRleHQQAhgEIAA
ADRI NANA LANCHES,"R. Rui Barbosa, 2279 - Costa e Silva, Joinville - SC, 89220-100",,(47) 99203-3255,sim,sim,4.6,14,OPERATIONAL,snack_bar,snack_bar meal_takeaway restaurant food point_of_interest establishment,https://maps.google.com/?cid=14594965995313058424&g_mp=Cidnb29nbGUubWFwcy5wbGFjZXMudjEuUGxhY2VzLlNlYXJjaFRleHQQAhgEIAA
Adriano Lanches & Restaurante,"Av. Getúlio Vargas, 850 - Anita Garibaldi, Joinville - SC, 89202-002",,(47) 3025-1667,sim,sim,3.9,3601,OPERATIONAL,snack_bar,snack_bar buffet_restaurant seafood_restaurant fast_food_restaurant sandwich_shop meal_takeaway restaurant food point_of_interest establishment,https://maps.google.com/?cid=12011752170483309270&g_mp=Cidnb29nbGUubWFwcy5wbGFjZXMudjEuUGxhY2VzLlNlYXJjaFRleHQQAhgEIAA
Alves Pizzaria - Pizzaria em Joinville,"R. Agostinho José Cognaco, 248 - Costa e Silva, Joinville - SC, 89220-370",https://pedir.delivery/alvespizzaria,(47) 4101-0395,sim,sim,4.6,25,OPERATIONAL,pizza_delivery,pizza_delivery pizza_restaurant meal_delivery food_delivery restaurant food point_of_interest establishment,https://maps.google.com/?cid=14322168912569477621&g_mp=Cidnb29nbGUubWFwcy5wbGFjZXMudjEuUGxhY2VzLlNlYXJjaFRleHQQAhgEIAA
Alô Pizza Joinville,"R. Concórdia, 1027 - Anita Garibaldi, Joinville - SC, 89203-600",,(47) 99795-0365,sim,,5,4,OPERATIONAL,pizza_delivery,pizza_delivery meal_delivery food_delivery food point_of_interest establishment,https://maps.google.com/?cid=14093933989932877236&g_mp=Cidnb29nbGUubWFwcy5wbGFjZXMudjEuUGxhY2VzLlNlYXJjaFRleHQQAhgEIAA
Alô Pizzas Aventureiro 100% Delivery,"R. Tuiuti - Aventureiro, Joinville - SC, 89226-000",https://pedir.delivery/app/olapizzajlle/menu,(47) 99278-5038,sim,,,,OPERATIONAL,pizza_restaurant,pizza_restaurant restaurant food point_of_interest establishment,https://maps.google.com/?cid=599296139271213054&g_mp=Cidnb29nbGUubWFwcy5wbGFjZXMudjEuUGxhY2VzLlNlYXJjaFRleHQQAhgEIAA
Amo Itália,"R. Dr. João Colin, 1567 - América, Joinville - SC, 89204-003",https://amoitalia.com.br/,(47) 3804-8010,sim,sim,4.8,2118,OPERATIONAL,italian_restaurant,italian_restaurant european_restaurant restaurant food point_of_interest establishment,https://maps.google.com/?cid=1146748624346689831&g_mp=Cidnb29nbGUubWFwcy5wbGFjZXMudjEuUGxhY2VzLlNlYXJjaFRleHQQAhgEIAA
AP! Café Retrô | Cafeteria e Doceria,"R. Min. Calógeras, 840 - Centro, Joinville - SC, 89201-485",https://apcaferetro.com.br/,(47) 3028-3810,sim,sim,4.8,2769,OPERATIONAL,coffee_shop,coffee_shop tourist_attraction pastry_shop cafe dessert_shop bakery confectionery food_store store restaurant food point_of_interest establishment,https://maps.google.com/?cid=14699918507909617636&g_mp=Cidnb29nbGUubWFwcy5wbGFjZXMudjEuUGxhY2VzLlNlYXJjaFRleHQQAhgEIAA
Araldi Pizzaria,"R. São Paulo, 2083 - Itaum, Joinville - SC, 89210-000",https://www.instagram.com/araldipizzaria/,(47) 3463-0500,sim,sim,4.5,2974,OPERATIONAL,pizza_restaurant,pizza_restaurant pizza_delivery meal_delivery food_delivery restaurant food point_of_interest establishment,https://maps.google.com/?cid=7160072749457261124&g_mp=Cidnb29nbGUubWFwcy5wbGFjZXMudjEuUGxhY2VzLlNlYXJjaFRleHQQAhgEIAA
Armazém da Pizza,"R. Iririú, 3061 - Iririú, Joinville - SC, 89227-021",http://encurtados.com.br/kopAX,(47) 98491-0350,sim,sim,3.7,14,OPERATIONAL,pizza_restaurant,pizza_restaurant restaurant food point_of_interest establishment,https://maps.google.com/?cid=7590942804214038912&g_mp=Cidnb29nbGUubWFwcy5wbGFjZXMudjEuUGxhY2VzLlNlYXJjaFRleHQQAhgEIAA
Arquitetos da Pizza,"R. Dona Francisca, 3306 - Saguaçu, Joinville - SC, 89221-009",http://www.arquitetosdapizza.com.br/,(47) 98813-3292,,,4.9,273,OPERATIONAL,service,point_of_interest service establishment,https://maps.google.com/?cid=15794126126913926174&g_mp=Cidnb29nbGUubWFwcy5wbGFjZXMudjEuUGxhY2VzLlNlYXJjaFRleHQQAhgEIAA
Arte da Pizza,"R. Waldemiro José Borges, 3245 - Itinga, Joinville - SC, 89235-155",https://pedir.delivery/app/pizzariaartedapizza,(47) 99622-4749,sim,sim,4.6,54,OPERATIONAL,pizza_restaurant,pizza_restaurant restaurant food point_of_interest establishment,https://maps.google.com/?cid=17570882753977707819&g_mp=Cidnb29nbGUubWFwcy5wbGFjZXMudjEuUGxhY2VzLlNlYXJjaFRleHQQAhgEIAA
Artezan Mega Padaria,"R. Dr. João Colin, 2728 - Saguaçu, Joinville - SC, 89221-703",https://www.artezan.com.br/,(47) 3512-7028,sim,sim,4.5,3613,OPERATIONAL,bakery,bakery coffee_shop cafe food_store store restaurant food point_of_interest establishment,https://maps.google.com/?cid=8370408744676478002&g_mp=Cidnb29nbGUubWFwcy5wbGFjZXMudjEuUGxhY2VzLlNlYXJjaFRleHQQAhgEIAA
Assados Don Omar,"R. XV de Novembro, 6947 - Glória, Joinville - SC, 89237-000",,(47) 3043-6343,sim,sim,4.6,105,OPERATIONAL,pizza_restaurant,pizza_restaurant restaurant food point_of_interest establishment,https://maps.google.com/?cid=13167176997301971359&g_mp=Cidnb29nbGUubWFwcy5wbGFjZXMudjEuUGxhY2VzLlNlYXJjaFRleHQQAhgEIAA
Assados Gislene,"R. Isabela Cristina da Fonseca Nascimento, 170 - Adhemar Garcia, Joinville - SC, 89230-757",https://pedir.delivery/app/assadosgislene/menu,(47) 98410-1222,,,5,398,OPERATIONAL,shipping_service,shipping_service point_of_interest service establishment,https://maps.google.com/?cid=384777625144456620&g_mp=Cidnb29nbGUubWFwcy5wbGFjZXMudjEuUGxhY2VzLlNlYXJjaFRleHQQAhgEIAA
Aurabela Delivery Massas Artesanais,"R. Emma Kopke, 38 - América, Joinville - SC, 89204-540",https://aurabela.net/,(47) 99153-7799,sim,sim,4.2,10,OPERATIONAL,italian_restaurant,italian_restaurant meal_delivery food_delivery european_restaurant restaurant food point_of_interest establishment,https://maps.google.com/?cid=11948512517197782035&g_mp=Cidnb29nbGUubWFwcy5wbGFjZXMudjEuUGxhY2VzLlNlYXJjaFRleHQQAhgEIAA
Azzuli Pizza Artesanal Joinville,"R. Campo Alegre, 586 - Glória, Joinville - SC, 89216-280",https://azzulipizzaria.com.br/,(47) 99154-8617,sim,sim,4.7,682,OPERATIONAL,pizza_restaurant,pizza_restaurant restaurant food point_of_interest establishment,https://maps.google.com/?cid=12365112309217336252&g_mp=Cidnb29nbGUubWFwcy5wbGFjZXMudjEuUGxhY2VzLlNlYXJjaFRleHQQAhgEIAA
Açaideira,"R. Mário César Machado dos Santos, 358 - Fátima, Joinville - SC, 89229-355",,(47) 99985-0864,sim,sim,4.5,170,OPERATIONAL,snack_bar,snack_bar meal_takeaway restaurant food point_of_interest establishment,https://maps.google.com/?cid=2129645014048963126&g_mp=Cidnb29nbGUubWFwcy5wbGFjZXMudjEuUGxhY2VzLlNlYXJjaFRleHQQAhgEIAA
Açailand - Joinville,"R. Duque de Caxias, 372 - Centro, Joinville - SC, 89201-460",https://acailand.com/,,sim,sim,4.5,202,OPERATIONAL,ice_cream_shop,ice_cream_shop acai_shop brazilian_restaurant dessert_shop confectionery food_store store restaurant food point_of_interest establishment,https://maps.google.com/?cid=10455416574010539575&g_mp=Cidnb29nbGUubWFwcy5wbGFjZXMudjEuUGxhY2VzLlNlYXJjaFRleHQQAhgEIAA
Baixinho Pizzas,"Estr. do Oeste, 999 - Zona rural, Joinville - SC, 89239-600",,(47) 3437-6015,sim,sim,4.7,153,OPERATIONAL,pizza_restaurant,pizza_restaurant restaurant food point_of_interest establishment,https://maps.google.com/?cid=5621501403446623868&g_mp=Cidnb29nbGUubWFwcy5wbGFjZXMudjEuUGxhY2VzLlNlYXJjaFRleHQQAhgEIAA
Bar e Lanchonete Trevo,"Rua: Jarivatuba, 1739 - Fátima, Joinville - SC, 89230-400",https://pedir.delivery/app/barelanchonetetrevo/menu,(47) 99721-0416,sim,sim,5,12,OPERATIONAL,snack_bar,snack_bar meal_takeaway restaurant food point_of_interest establishment,https://maps.google.com/?cid=3432444857090596676&g_mp=Cidnb29nbGUubWFwcy5wbGFjZXMudjEuUGxhY2VzLlNlYXJjaFRleHQQAhgEIAA
"Barão - Chopp, Cozinha e Conversa","R. Max Colin, 441 - Centro, Joinville - SC, 89201-215",http://www.baraobar.com.br/,(47) 3434-6150,sim,sim,4.6,1807,OPERATIONAL,restaurant,restaurant bar_and_grill bar food point_of_interest establishment,https://maps.google.com/?cid=15001989630709598048&g_mp=Cidnb29nbGUubWFwcy5wbGFjZXMudjEuUGxhY2VzLlNlYXJjaFRleHQQAhgEIAA
Batatão Lanches,"Av. Alwino Hansen, 1669-1721 - Adhemar Garcia, Joinville - SC, 89230-700",https://www.instagram.com/batatao.lanches/,(47) 99147-6108,sim,sim,4.6,758,OPERATIONAL,snack_bar,snack_bar meal_takeaway restaurant food point_of_interest establishment,https://maps.google.com/?cid=2502609584987767015&g_mp=Cidnb29nbGUubWFwcy5wbGFjZXMudjEuUGxhY2VzLlNlYXJjaFRleHQQAhgEIAA
Bella Casa Restaurante e Pizzaria,"R. Albano Schmidt, 1612 - Boa Vista, Joinville - SC, 89227-701",https://pedir.delivery/bellacasa,(47) 98480-2233,sim,sim,3.4,25,OPERATIONAL,restaurant,restaurant food point_of_interest establishment,https://maps.google.com/?cid=10110012357933813813&g_mp=Cidnb29nbGUubWFwcy5wbGFjZXMudjEuUGxhY2VzLlNlYXJjaFRleHQQAhgEIAA
Bella Roma,"R. Tuiuti, 1307 - Iririú, Joinville - SC, 89226-000",,(47) 3437-9553,sim,sim,3.8,86,OPERATIONAL,pizza_restaurant,pizza_restaurant restaurant food point_of_interest establishment,https://maps.google.com/?cid=784225723795608078&g_mp=Cidnb29nbGUubWFwcy5wbGFjZXMudjEuUGxhY2VzLlNlYXJjaFRleHQQAhgEIAA
Belle Tella Pizzaria,"R. Waldemiro José Borges, 1073 - Boehmerwald, Joinville - SC, 89235-150",http://pedir.delivery/app/belletella/menu,(47) 99971-1589,sim,sim,5,6,OPERATIONAL,pizza_restaurant,pizza_restaurant restaurant food point_of_interest establishment,https://maps.google.com/?cid=4834034153575518719&g_mp=Cidnb29nbGUubWFwcy5wbGFjZXMudjEuUGxhY2VzLlNlYXJjaFRleHQQAhgEIAA
Bem dita pizza Joinville,"R. Telêmaco Borba - Jardim Iririú, Joinville - SC, 89224-410",https://pedir.delivery/app/bemditapizzajoinville/menu,(47) 99795-0365,sim,sim,5,12,OPERATIONAL,pizza_restaurant,pizza_restaurant restaurant food point_of_interest establishment,https://maps.google.com/?cid=17236760740849577148&g_mp=Cidnb29nbGUubWFwcy5wbGFjZXMudjEuUGxhY2VzLlNlYXJjaFRleHQQAhgEIAA
Bem Te Vi Bistrô Pizzaria,"R. Joinville, 1855, Schroeder - SC, 89275-000",https://www.instagram.com/bemtevibistro/?next=/,(47) 98833-7036,,sim,4.7,174,OPERATIONAL,pizza_restaurant,pizza_restaurant restaurant food point_of_interest establishment,https://maps.google.com/?cid=15313244042059007945&g_mp=Cidnb29nbGUubWFwcy5wbGFjZXMudjEuUGxhY2VzLlNlYXJjaFRleHQQAhgEIAA
Bendita Pizza Joinville,"R. Porto União, 1213 - Anita Garibaldi, Joinville - SC, 89203-460",https://benditapizza.mandarpedido.com/instagram,(47) 99696-7408,sim,sim,4.7,791,OPERATIONAL,pizza_restaurant,pizza_restaurant restaurant food point_of_interest establishment,https://maps.google.com/?cid=14858383856588896563&g_mp=Cidnb29nbGUubWFwcy5wbGFjZXMudjEuUGxhY2VzLlNlYXJjaFRleHQQAhgEIAA
Benezi Pizzaria,"R. Papa João XXIII, 913 - Iririú, Joinville - SC, 89227-300",https://benezi.com.br/,(47) 3150-0118,sim,,5,194,OPERATIONAL,pizza_delivery,pizza_delivery meal_delivery food_delivery food point_of_interest establishment,https://maps.google.com/?cid=7206629415145328389&g_mp=Cidnb29nbGUubWFwcy5wbGFjZXMudjEuUGxhY2VzLlNlYXJjaFRleHQQAhgEIAA
Benvenutto Pizzaria,"R. Florianópolis, 1210 - Itaum, Joinville - SC, 89210-086",https://pedir.delivery/app/benvenuttopizzaria/menu,(47) 3463-8132,sim,sim,4.6,872,OPERATIONAL,pizza_restaurant,pizza_restaurant pizza_delivery meal_delivery food_delivery meal_takeaway restaurant food point_of_interest establishment,https://maps.google.com/?cid=17703646665944396371&g_mp=Cidnb29nbGUubWFwcy5wbGFjZXMudjEuUGxhY2VzLlNlYXJjaFRleHQQAhgEIAA
Beto Pizzaria,"R. Delphinus, 880 - Jardim Paraíso, Joinville - SC, 89226-666",,(47) 99624-7147,sim,sim,2.9,8,OPERATIONAL,restaurant,restaurant food point_of_interest establishment,https://maps.google.com/?cid=16716558793098264392&g_mp=Cidnb29nbGUubWFwcy5wbGFjZXMudjEuUGxhY2VzLlNlYXJjaFRleHQQAhgEIAA
Biergarten,"R. Visc. de Taunay, 1183 - Atiradores, Joinville - SC, 89203-062",http://www.biergarten.com.br/,(47) 3028-3771,sim,sim,4.6,4416,OPERATIONAL,german_restaurant,german_restaurant european_restaurant restaurant food point_of_interest establishment,https://maps.google.com/?cid=9008837421864734983&g_mp=Cidnb29nbGUubWFwcy5wbGFjZXMudjEuUGxhY2VzLlNlYXJjaFRleHQQAhgEIAA
Big Hall,"Av. Alm. Jaceguay, 2713 - Costa e Silva, Joinville - SC, 89218-691",http://bighall.com.br/,(47) 3013-1212,sim,,4.8,6,OPERATIONAL,restaurant,restaurant food point_of_interest establishment,https://maps.google.com/?cid=1556010343255634713&g_mp=Cidnb29nbGUubWFwcy5wbGFjZXMudjEuUGxhY2VzLlNlYXJjaFRleHQQAhgEIAA
Big Hall Lanchonete,"Av. Alm. Jaceguay, 2712 - Costa e Silva, Joinville - SC, 89218-691",https://linktr.ee/Bighall,(47) 3013-1212,sim,sim,4.6,2683,OPERATIONAL,pizza_restaurant,pizza_restaurant hamburger_restaurant bar live_music_venue event_venue meal_delivery food_delivery american_restaurant restaurant food point_of_interest establishment,https://maps.google.com/?cid=160747238979707404&g_mp=Cidnb29nbGUubWFwcy5wbGFjZXMudjEuUGxhY2VzLlNlYXJjaFRleHQQAhgEIAA
Big Hall Pizzas - Costa e Silva,"Av. Alm. Jaceguay, 2763 - Costa e Silva, Joinville - SC, 89218-691",https://app.alivhub.com.br/app/bighallpizzas,(47) 3435-4031,sim,sim,4.2,150,OPERATIONAL,pizza_restaurant,pizza_restaurant restaurant food point_of_interest establishment,https://maps.google.com/?cid=17472699102015614679&g_mp=Cidnb29nbGUubWFwcy5wbGFjZXMudjEuUGxhY2VzLlNlYXJjaFRleHQQAhgEIAA
Big Hall Pizzas - Fátima,"R. Miosótis, 544 - Fátima, Joinville - SC, 89229-201",,(47) 3842-1064,sim,,5,8,OPERATIONAL,pizza_delivery,pizza_delivery meal_delivery food_delivery food point_of_interest establishment,https://maps.google.com/?cid=7039434455169448765&g_mp=Cidnb29nbGUubWFwcy5wbGFjZXMudjEuUGxhY2VzLlNlYXJjaFRleHQQAhgEIAA
Big Pizza Joinville,"R. das Cegonhas, 326 - Iririú, Joinville - SC, 89224-150",https://pedir.delivery/app/bigpizza-iririu/menu,(47) 3427-2481,sim,sim,3.9,297,OPERATIONAL,pizza_restaurant,pizza_restaurant restaurant food point_of_interest establishment,https://maps.google.com/?cid=13232279976736077914&g_mp=Cidnb29nbGUubWFwcy5wbGFjZXMudjEuUGxhY2VzLlNlYXJjaFRleHQQAhgEIAA
Boa pizza,"R. Mercês, 600 - Fátima, Joinville - SC, 89229-130",,(47) 98907-7159,,,5,3,OPERATIONAL,pizza_restaurant,pizza_restaurant restaurant food point_of_interest establishment,https://maps.google.com/?cid=797136601584141301&g_mp=Cidnb29nbGUubWFwcy5wbGFjZXMudjEuUGxhY2VzLlNlYXJjaFRleHQQAhgEIAA
Bochecha Lanches e Chaw,"R. Graciosa, 935 - Guanabara, Joinville - SC, 89207-101",,(47) 3463-2561,sim,sim,4.6,781,OPERATIONAL,snack_bar,snack_bar fast_food_restaurant meal_takeaway restaurant food point_of_interest establishment,https://maps.google.com/?cid=5092805131808949677&g_mp=Cidnb29nbGUubWFwcy5wbGFjZXMudjEuUGxhY2VzLlNlYXJjaFRleHQQAhgEIAA
BODEGA SJ,"Estr. da Ilha, 1512 - Pirabeiraba, Joinville - SC, 89239-250",,,,sim,4.8,12,OPERATIONAL,snack_bar,snack_bar meal_takeaway restaurant food point_of_interest establishment,https://maps.google.com/?cid=15020028092029536729&g_mp=Cidnb29nbGUubWFwcy5wbGFjZXMudjEuUGxhY2VzLlNlYXJjaFRleHQQAhgEIAA
Borgonovo Cucina Italiana,"R. Duque de Caxias, 112 - Centro, Joinville - SC, 89201-460",http://www.cantinaborgonovo.com.br/,(47) 3028-0487,sim,sim,4.5,1463,OPERATIONAL,italian_restaurant,italian_restaurant buffet_restaurant european_restaurant restaurant food point_of_interest establishment,https://maps.google.com/?cid=6254549153442743977&g_mp=Cidnb29nbGUubWFwcy5wbGFjZXMudjEuUGxhY2VzLlNlYXJjaFRleHQQAhgEIAA
Bortoletti pizzaria,"R. Pres. Campos Salles, 74 - Glória, Joinville - SC, 89217-100",,(47) 99916-3773,sim,sim,5,12,OPERATIONAL,pizza_restaurant,pizza_restaurant restaurant food point_of_interest establishment,https://maps.google.com/?cid=499077558197624867&g_mp=Cidnb29nbGUubWFwcy5wbGFjZXMudjEuUGxhY2VzLlNlYXJjaFRleHQQAhgEIAA
BOSCOLO PIZZARIA,"R. Antônio Jorge Cecyn, 752 - Aventureiro, Joinville - SC, 89226-260",https://pedir.delivery/boscolopizzaria,(47) 3407-0682,sim,sim,4.4,84,OPERATIONAL,pizza_delivery,pizza_delivery meal_delivery food_delivery food point_of_interest establishment,https://maps.google.com/?cid=17397353505208840576&g_mp=Cidnb29nbGUubWFwcy5wbGFjZXMudjEuUGxhY2VzLlNlYXJjaFRleHQQAhgEIAA
Box Mineiro Joinville,"Em Frente ao mozzafiato - R. José de Alencar - América, Joinville - SC, 89201-330",https://boxmineiro.saipos.com/box-mineiro-joinville,(47) 99193-5093,sim,sim,3.6,72,OPERATIONAL,restaurant,fast_food_restaurant restaurant food point_of_interest establishment,https://maps.google.com/?cid=11294726148100770330&g_mp=Cidnb29nbGUubWFwcy5wbGFjZXMudjEuUGxhY2VzLlNlYXJjaFRleHQQAhgEIAA
BR Pizzas,"R. Waldemiro José Borges, 3825 - Itinga, Joinville - SC, 89235-160",,(47) 99692-6234,sim,sim,4.9,145,OPERATIONAL,pizza_restaurant,pizza_restaurant restaurant food point_of_interest establishment,https://maps.google.com/?cid=17710147303346948746&g_mp=Cidnb29nbGUubWFwcy5wbGFjZXMudjEuUGxhY2VzLlNlYXJjaFRleHQQAhgEIAA
Bragga,"R. Monsenhor Gercino, 4926 - João Costa, Joinville - SC, 89230-290",,(47) 3034-5993,,,4.3,12,OPERATIONAL,pizza_restaurant,pizza_restaurant pub bar restaurant food point_of_interest establishment,https://maps.google.com/?cid=1484091507748797611&g_mp=Cidnb29nbGUubWFwcy5wbGFjZXMudjEuUGxhY2VzLlNlYXJjaFRleHQQAhgEIAA
Braseiro Sal e Parrilla,"R. XV de Novembro, 2622 - Glória, Joinville - SC, 89216-200",https://wa.me/554734400990,(47) 3440-0990,sim,sim,4.9,390,OPERATIONAL,restaurant,hamburger_restaurant american_restaurant restaurant food point_of_interest establishment,https://maps.google.com/?cid=5803662083965613858&g_mp=Cidnb29nbGUubWFwcy5wbGFjZXMudjEuUGxhY2VzLlNlYXJjaFRleHQQAhgEIAA
Bruthus Pizza & Búrguer,"R. Monsenhor Gercino, 2485 - Itaum, Joinville - SC, 89210-155",https://pedir.delivery/app/bruthuspizzasjoinville/menu,(47) 99214-2985,sim,sim,4.6,324,OPERATIONAL,pizza_restaurant,pizza_restaurant snack_bar hamburger_restaurant american_restaurant meal_takeaway restaurant food point_of_interest establishment,https://maps.google.com/?cid=10191934284751625882&g_mp=Cidnb29nbGUubWFwcy5wbGFjZXMudjEuUGxhY2VzLlNlYXJjaFRleHQQAhgEIAA
Buenos Delivery,"R. Guanabara, 2568 - Fátima, Joinville - SC, 89229-000",https://app.menudino.com/buenosdelivery,(47) 99950-6892,sim,sim,4.5,24,OPERATIONAL,fast_food_restaurant,fast_food_restaurant restaurant food point_of_interest establishment,https://maps.google.com/?cid=15220763786361019700&g_mp=Cidnb29nbGUubWFwcy5wbGFjZXMudjEuUGxhY2VzLlNlYXJjaFRleHQQAhgEIAA
Bugrinho Lanches,"Av. Paulo Schroeder, 2266 - Petrópolis, Joinville - SC, 89208-751",,(47) 3031-3911,sim,sim,4.5,709,OPERATIONAL,snack_bar,snack_bar meal_takeaway restaurant food point_of_interest establishment,https://maps.google.com/?cid=1741868433376051198&g_mp=Cidnb29nbGUubWFwcy5wbGFjZXMudjEuUGxhY2VzLlNlYXJjaFRleHQQAhgEIAA
Cacos Restaurante e Pizzaria,"R. Monsenhor Gercino, 5784 - Jarivatuba, Joinville - SC, 89230-325",,(47) 99644-2001,sim,sim,4.6,158,OPERATIONAL,brazilian_restaurant,brazilian_restaurant restaurant food point_of_interest establishment,https://maps.google.com/?cid=16396372784026038604&g_mp=Cidnb29nbGUubWFwcy5wbGFjZXMudjEuUGxhY2VzLlNlYXJjaFRleHQQAhgEIAA
Café e Restaurante Pão com Banha,"R. Tupy, 968 - São Marcos, Joinville - SC, 89214-400",https://www.facebook.com/paocombanhaa/,(47) 3429-3220,,sim,4.4,479,OPERATIONAL,coffee_shop,coffee_shop diner cafe food_store store restaurant food point_of_interest establishment,https://maps.google.com/?cid=9379075229656848227&g_mp=Cidnb29nbGUubWFwcy5wbGFjZXMudjEuUGxhY2VzLlNlYXJjaFRleHQQAhgEIAA
Caldo de Cana da Divisa,"Rod. Rodolfo Jahn, Joinville - SC, 89270-000",,(47) 99270-3210,,sim,4.7,147,OPERATIONAL,snack_bar,snack_bar meal_takeaway restaurant food point_of_interest establishment,https://maps.google.com/?cid=4157975800727554309&g_mp=Cidnb29nbGUubWFwcy5wbGFjZXMudjEuUGxhY2VzLlNlYXJjaFRleHQQAhgEIAA
Calzoon Sucos e Calzones - Perini,"Ágora MOB - R. Dona Francisca, 8300 - Pirabeiraba, Joinville - SC, 89219-600",https://delivery.yooga.app/calzoon-perini,(47) 98891-7535,sim,sim,4.8,69,OPERATIONAL,fast_food_restaurant,fast_food_restaurant restaurant food point_of_interest establishment,https://maps.google.com/?cid=8000619961518479960&g_mp=Cidnb29nbGUubWFwcy5wbGFjZXMudjEuUGxhY2VzLlNlYXJjaFRleHQQAhgEIAA
Campânia Pizzas e Eventos,"R. Enéas Marques, 61 - Jarivatuba, Joinville - SC, 89230-453",https://www.campaniapizzaeventos.com.br/,(47) 99199-8216,,,,,OPERATIONAL,meal_takeaway,meal_takeaway restaurant food point_of_interest establishment,https://maps.google.com/?cid=5437804245600223198&g_mp=Cidnb29nbGUubWFwcy5wbGFjZXMudjEuUGxhY2VzLlNlYXJjaFRleHQQAhgEIAA
Cantina Don Brunno,"R. Dr. João Colin, 1163 - América, Joinville - SC, 89201-300",http://www.donbrunno.com.br/,(47) 3026-2156,sim,sim,4.7,640,OPERATIONAL,italian_restaurant,italian_restaurant meal_delivery food_delivery european_restaurant restaurant food point_of_interest establishment,https://maps.google.com/?cid=91512012041857195&g_mp=Cidnb29nbGUubWFwcy5wbGFjZXMudjEuUGxhY2VzLlNlYXJjaFRleHQQAhgEIAA
Cantina Italiana Primo Fratelli,"R. Visc. de Taunay, 343 - Centro, Joinville - SC, 89201-420",https://pedir.delivery/primofratelli?src=wabot&wp=279087411146791,(47) 3029-5615,sim,sim,4.4,1508,OPERATIONAL,italian_restaurant,italian_restaurant pizza_restaurant meal_delivery food_delivery european_restaurant restaurant food point_of_interest establishment,https://maps.google.com/?cid=10054747915576907440&g_mp=Cidnb29nbGUubWFwcy5wbGFjZXMudjEuUGxhY2VzLlNlYXJjaFRleHQQAhgEIAA
Cantina Pertutti,"R. Pres. Prudente de Moraes, 45 - SALA 10 - Santo Antônio, Joinville - SC, 89500-067",,(49) 3563-3900,sim,sim,3,2,OPERATIONAL,restaurant,restaurant pizza_restaurant food point_of_interest establishment,https://maps.google.com/?cid=3953891844060534167&g_mp=Cidnb29nbGUubWFwcy5wbGFjZXMudjEuUGxhY2VzLlNlYXJjaFRleHQQAhgEIAA
Cantinho da Pizza,"R. Ibirapuera, 491 - Floresta, Joinville - SC, 89212-020",http://www.whatsmenu.com.br/cantinhodapizza02,(47) 3029-3568,sim,sim,4.6,497,OPERATIONAL,pizza_restaurant,pizza_restaurant restaurant food point_of_interest establishment,https://maps.google.com/?cid=1054337229271011466&g_mp=Cidnb29nbGUubWFwcy5wbGFjZXMudjEuUGxhY2VzLlNlYXJjaFRleHQQAhgEIAA
Cantinho da Pizza | Bairro Santo Antônio,"Zap ( 47 - 99237.9769 - Santo Antônio, Joinville - SC, 89218-111",,(47) 99994-3244,sim,sim,4.5,665,OPERATIONAL,pizza_restaurant,pizza_restaurant restaurant food point_of_interest establishment,https://maps.google.com/?cid=7260274344172231894&g_mp=Cidnb29nbGUubWFwcy5wbGFjZXMudjEuUGxhY2VzLlNlYXJjaFRleHQQAhgEIAA
Cantinho do Pastel,"R. Pref. Baltasar Buschle, 3379 - Espinheiros, Joinville - SC, 89228-799",https://wa.me/5544998316726,(44) 99831-6726,sim,sim,4.9,310,OPERATIONAL,brazilian_restaurant,brazilian_restaurant diner meal_delivery food_delivery restaurant food point_of_interest establishment,https://maps.google.com/?cid=10399326398769747945&g_mp=Cidnb29nbGUubWFwcy5wbGFjZXMudjEuUGxhY2VzLlNlYXJjaFRleHQQAhgEIAA
Cantinho Italiano,"Costa e Silva, Joinville - SC, 89217-430",,(47) 3227-3309,sim,sim,4.5,454,OPERATIONAL,italian_restaurant,italian_restaurant european_restaurant restaurant food point_of_interest establishment,https://maps.google.com/?cid=5317762632556787247&g_mp=Cidnb29nbGUubWFwcy5wbGFjZXMudjEuUGxhY2VzLlNlYXJjaFRleHQQAhgEIAA
Capisce,"R. Visc. de Mauá - América, Joinville - SC, 89204-501",,(47) 99692-1964,sim,sim,4.9,177,OPERATIONAL,pizza_restaurant,pizza_restaurant restaurant food point_of_interest establishment,https://maps.google.com/?cid=12598432716199367130&g_mp=Cidnb29nbGUubWFwcy5wbGFjZXMudjEuUGxhY2VzLlNlYXJjaFRleHQQAhgEIAA
Capo della Pizza,"R. Dálcio Bortoluzzi, 120 - Vila Nova, Joinville - SC, 89237-455",,(47) 3439-3030,sim,sim,4.8,77,OPERATIONAL,pizza_delivery,pizza_delivery meal_delivery food_delivery food point_of_interest establishment,https://maps.google.com/?cid=13751772382643164488&g_mp=Cidnb29nbGUubWFwcy5wbGFjZXMudjEuUGxhY2VzLlNlYXJjaFRleHQQAhgEIAA
Cardápio Digital Cardapei,"R. Bonito-Lindo, 423 - Aventureiro, Joinville - SC, 89226-100",https://cardapei.com.br/,(47) 99902-5806,,,5,2,OPERATIONAL,service,point_of_interest service establishment,https://maps.google.com/?cid=10293142210049325079&g_mp=Cidnb29nbGUubWFwcy5wbGFjZXMudjEuUGxhY2VzLlNlYXJjaFRleHQQAhgEIAA
Casa Soares,"R. Guanabara, 420 - Guanabara, Joinville - SC, 89207-300",https://www.instagram.com/casasoaresjlle/,,sim,sim,4.6,212,OPERATIONAL,brazilian_restaurant,brazilian_restaurant restaurant food point_of_interest establishment,https://maps.google.com/?cid=2974425514356486752&g_mp=Cidnb29nbGUubWFwcy5wbGFjZXMudjEuUGxhY2VzLlNlYXJjaFRleHQQAhgEIAA
"Casa Sotsberg Restaurante, Pizzaria e Assados","R. Anita Garibaldi, 530 - Anita Garibaldi, Joinville - SC, 89203-300",https://pedir.delivery/app/pizzariacasasotsberg-joinville/menu,(47) 99641-4642,sim,sim,5,10,OPERATIONAL,brazilian_restaurant,brazilian_restaurant restaurant food point_of_interest establishment,https://maps.google.com/?cid=10078744027531587624&g_mp=Cidnb29nbGUubWFwcy5wbGFjZXMudjEuUGxhY2VzLlNlYXJjaFRleHQQAhgEIAA
Cemita Burger & BBQ,"R. Ottokar Doerffel, 165 - Anita Garibaldi, Joinville - SC, 89203-001",http://www.cemita.com.br/,(47) 99683-8894,sim,sim,4.6,925,OPERATIONAL,hamburger_restaurant,hamburger_restaurant american_restaurant restaurant food point_of_interest establishment,https://maps.google.com/?cid=6117816941004272546&g_mp=Cidnb29nbGUubWFwcy5wbGFjZXMudjEuUGxhY2VzLlNlYXJjaFRleHQQAhgEIAA
Central da Pizza Matterello,"R. Aracaju, 874 - Saguaçu, Joinville - SC, 89221-632",,(47) 3207-1500,sim,sim,4.9,147,OPERATIONAL,pizza_restaurant,pizza_restaurant pizza_delivery meal_delivery food_delivery restaurant food point_of_interest establishment,https://maps.google.com/?cid=2381304939358382075&g_mp=Cidnb29nbGUubWFwcy5wbGFjZXMudjEuUGxhY2VzLlNlYXJjaFRleHQQAhgEIAA
Centro de Eventos Rancho Timbé,"Estr. Timbé, 850 - Pirabeiraba, Joinville - SC, 89226-500",https://www.instagram.com/ranchotimbeoficial?igsh=MTFsenV1bDk2b3VtOQ==,(47) 99766-2626,,,4.2,1401,OPERATIONAL,event_venue,event_venue banquet_hall dance_hall cocktail_bar night_club bar service point_of_interest establishment,https://maps.google.com/?cid=18277565362039299841&g_mp=Cidnb29nbGUubWFwcy5wbGFjZXMudjEuUGxhY2VzLlNlYXJjaFRleHQQAhgEIAA
Churrascaria Senador - O Melhor Chapeado,"R. Sen. Rodrigo Lobo, 100 - Iririú, Joinville - SC, 89227-557",https://www.instagram.com/chapeado_senador/,(47) 3427-1474,sim,sim,4.6,1509,OPERATIONAL,barbecue_restaurant,barbecue_restaurant restaurant food point_of_interest establishment,https://maps.google.com/?cid=9948056220087864&g_mp=Cidnb29nbGUubWFwcy5wbGFjZXMudjEuUGxhY2VzLlNlYXJjaFRleHQQAhgEIAA
Cia do Calzone,"Av. Getúlio Vargas, 1446 - Anita Garibaldi, Joinville - SC, 89202-002",,(47) 3026-2900,sim,sim,2.9,46,OPERATIONAL,fast_food_restaurant,fast_food_restaurant restaurant food point_of_interest establishment,https://maps.google.com/?cid=5244699457754098226&g_mp=Cidnb29nbGUubWFwcy5wbGFjZXMudjEuUGxhY2VzLlNlYXJjaFRleHQQAhgEIAA
Cia do Calzone,"R. Hugo Raimann, 2-150 - Anita Garibaldi, Joinville - SC, 89202-110",,(47) 3026-2900,sim,,4,3,OPERATIONAL,restaurant,restaurant food point_of_interest establishment,https://maps.google.com/?cid=16425984001201263259&g_mp=Cidnb29nbGUubWFwcy5wbGFjZXMudjEuUGxhY2VzLlNlYXJjaFRleHQQAhgEIAA
CJ's House Festas e Eventos | Joinville SC,"R. Anitápolis, 531 - Itaum, Joinville - SC, 89210-680",https://cjshouse.lovable.app/,(47) 99634-5277,,,4.8,100,OPERATIONAL,banquet_hall,banquet_hall event_venue point_of_interest establishment,https://maps.google.com/?cid=4798799661629304191&g_mp=Cidnb29nbGUubWFwcy5wbGFjZXMudjEuUGxhY2VzLlNlYXJjaFRleHQQAhgEIAA
Clover Pub,"R. Otto Boehm, 356 - América, Joinville - SC, 89201-700",http://cloverpub.com.br/,(47) 3804-5222,sim,sim,4.7,1634,OPERATIONAL,bar,bar point_of_interest establishment,https://maps.google.com/?cid=935799274801360454&g_mp=Cidnb29nbGUubWFwcy5wbGFjZXMudjEuUGxhY2VzLlNlYXJjaFRleHQQAhgEIAA
Compadre's Lanches,"Estr. Timbé, 6910 - Jardim Paraíso, Joinville - SC, 89226-500",https://www.instagram.com/compadreslanches?igsh=MW1jMmtvcHZqMmhiag==,(47) 99786-4393,sim,sim,4.6,490,OPERATIONAL,snack_bar,snack_bar meal_takeaway restaurant food point_of_interest establishment,https://maps.google.com/?cid=5413795927889142950&g_mp=Cidnb29nbGUubWFwcy5wbGFjZXMudjEuUGxhY2VzLlNlYXJjaFRleHQQAhgEIAA
Companhia da Pizza,"R. Santa Catarina, 2030 - Floresta, Joinville - SC, 89211-301",https://pedir.delivery/companhiadapizza?src=wabot&u=9c4a333a50,(47) 99714-3120,sim,sim,3.2,53,OPERATIONAL,pizza_restaurant,pizza_restaurant restaurant food point_of_interest establishment,https://maps.google.com/?cid=1437793156101475145&g_mp=Cidnb29nbGUubWFwcy5wbGFjZXMudjEuUGxhY2VzLlNlYXJjaFRleHQQAhgEIAA
Container Burger Hamburgueria,"R. Max Koschnik, 210 - Adhemar Garcia, Joinville - SC, 89230-843",http://pedir.delivery/containerburguer,(47) 98428-2012,sim,sim,4.6,422,OPERATIONAL,meal_delivery,meal_delivery food_delivery food point_of_interest establishment,https://maps.google.com/?cid=6358202773519014137&g_mp=Cidnb29nbGUubWFwcy5wbGFjZXMudjEuUGxhY2VzLlNlYXJjaFRleHQQAhgEIAA
Country Lanches e Pizzas,"R. XV de Novembro, 7443 - Vila Nova, Joinville - SC, 89237-001",https://www.instagram.com/countrypizzaria?igsh=MWh3dnVsNHV0djdjMQ==,(47) 99795-0011,sim,sim,4.5,2492,OPERATIONAL,snack_bar,snack_bar fast_food_restaurant pizza_restaurant meal_takeaway restaurant food point_of_interest establishment,https://maps.google.com/?cid=1699368657550487666&g_mp=Cidnb29nbGUubWFwcy5wbGFjZXMudjEuUGxhY2VzLlNlYXJjaFRleHQQAhgEIAA
Cris Pizzas & Burger,"R. Begônias, 179 - Fátima, Joinville - SC, 89229-160",https://pedir.delivery/app/crispizzaseburguer/menu,(47) 99693-5077,sim,sim,5,3,OPERATIONAL,snack_bar,snack_bar meal_takeaway restaurant food point_of_interest establishment,https://maps.google.com/?cid=9731488326243164530&g_mp=Cidnb29nbGUubWFwcy5wbGFjZXMudjEuUGxhY2VzLlNlYXJjaFRleHQQAhgEIAA
Croc's Pizza Frita,"R. Morro do Ouro, 143 - Bucarein, Joinville - SC, 89202-320",https://linktr.ee/crocspizzafrita?fbclid=PAZXh0bgNhZW0CMTEAAabxFnb5XF8EmBCPIoMCLyeDVfk-aNg1kVbhnwipXiMOumPI9rkXR_1OoSo_aem_QZL5k8n_Veya54S-4UTTqw,(47) 98441-3689,sim,sim,4.4,81,OPERATIONAL,pizza_restaurant,pizza_restaurant restaurant food point_of_interest establishment,https://maps.google.com/?cid=8731211440703780987&g_mp=Cidnb29nbGUubWFwcy5wbGFjZXMudjEuUGxhY2VzLlNlYXJjaFRleHQQAhgEIAA
D'angelico,"R. Dr. João Colin, 762 - América, Joinville - SC, 89204-000",,(47) 3435-4556,,sim,3.7,3,OPERATIONAL,pizza_restaurant,pizza_restaurant restaurant food point_of_interest establishment,https://maps.google.com/?cid=14212883388711989871&g_mp=Cidnb29nbGUubWFwcy5wbGFjZXMudjEuUGxhY2VzLlNlYXJjaFRleHQQAhgEIAA
D'Napolli Pizzaria,"R. Petrópolis, 164 - Itaum, Joinville - SC, 89208-300",http://pedir.delivery/app/dnapolli/menu,,sim,sim,4.7,296,OPERATIONAL,pizza_restaurant,pizza_restaurant restaurant food point_of_interest establishment,https://maps.google.com/?cid=4918308438848581894&g_mp=Cidnb29nbGUubWFwcy5wbGFjZXMudjEuUGxhY2VzLlNlYXJjaFRleHQQAhgEIAA
Da Hora,"R. das Cegonhas, 675 - Iririú, Joinville - SC, 89224-150",,(47) 99632-7751,sim,sim,4.6,59,OPERATIONAL,brazilian_restaurant,brazilian_restaurant restaurant food point_of_interest establishment,https://maps.google.com/?cid=6924431703289436816&g_mp=Cidnb29nbGUubWFwcy5wbGFjZXMudjEuUGxhY2VzLlNlYXJjaFRleHQQAhgEIAA
Dalle Pizza,"R. XV de Novembro, 2384 - Glória, Joinville - SC, 89216-200",https://api.whatsapp.com/send?phone=5547997513648,(47) 3433-0609,sim,sim,4.4,185,OPERATIONAL,pizza_restaurant,pizza_restaurant restaurant food point_of_interest establishment,https://maps.google.com/?cid=16126124768480749385&g_mp=Cidnb29nbGUubWFwcy5wbGFjZXMudjEuUGxhY2VzLlNlYXJjaFRleHQQAhgEIAA
Damaso pizza!,"R. Blumenau, 654 - América, Joinville - SC, 89204-322",https://pedir.delivery/app/damasopizza/menu,(47) 99976-1579,sim,sim,5,1,OPERATIONAL,restaurant,restaurant food point_of_interest establishment,https://maps.google.com/?cid=9245215635488419563&g_mp=Cidnb29nbGUubWFwcy5wbGFjZXMudjEuUGxhY2VzLlNlYXJjaFRleHQQAhgEIAA
Deck Toca da Onça,"R. Portugal, 5268 - Santa Catarina, Joinville - SC, 89233-140",,(47) 99754-9732,,sim,5,35,OPERATIONAL,restaurant,restaurant food point_of_interest establishment,https://maps.google.com/?cid=15432026234178617759&g_mp=Cidnb29nbGUubWFwcy5wbGFjZXMudjEuUGxhY2VzLlNlYXJjaFRleHQQAhgEIAA
Deco Restaurante e Pizzaria,"Av. Alm. Jaceguay, 1966 - Costa e Silva, Joinville - SC, 89218-690",https://linktr.ee/restaurantedeco,(47) 3026-7629,sim,sim,4.7,3649,OPERATIONAL,buffet_restaurant,buffet_restaurant pizza_restaurant restaurant food point_of_interest establishment,https://maps.google.com/?cid=5228088989522893988&g_mp=Cidnb29nbGUubWFwcy5wbGFjZXMudjEuUGxhY2VzLlNlYXJjaFRleHQQAhgEIAA
Delary Pizzaria,"R. Laguna, 381 - Bucarein, Joinville - SC, 89202-330",https://wa.me/message/JWCB4LUVJD2JL1,(47) 99130-1005,sim,sim,5,1,OPERATIONAL,pizza_restaurant,pizza_restaurant restaurant food point_of_interest establishment,https://maps.google.com/?cid=8925449597998078628&g_mp=Cidnb29nbGUubWFwcy5wbGFjZXMudjEuUGxhY2VzLlNlYXJjaFRleHQQAhgEIAA
Delysfih'a - Delivery de Esfihas,"R. Pref. Helmuth Fallgatter, 568 - Sala 2 - Boa Vista, Joinville - SC, 89205-300",https://delysfiha.com.br/,(47) 3023-1129,sim,sim,4.7,615,OPERATIONAL,middle_eastern_restaurant,middle_eastern_restaurant meal_delivery food_delivery restaurant food point_of_interest establishment,https://maps.google.com/?cid=2325887807535892157&g_mp=Cidnb29nbGUubWFwcy5wbGFjZXMudjEuUGxhY2VzLlNlYXJjaFRleHQQAhgEIAA
Di Bacco Pizzaria Joinville,"Zap ( 47 - 99237.9769 - Floresta, Joinville - SC, 89211-700",https://pedir.delivery/cantinadapizzajoinville,(47) 3426-1799,sim,sim,4.7,609,OPERATIONAL,pizza_restaurant,pizza_restaurant restaurant food point_of_interest establishment,https://maps.google.com/?cid=5732020435829978800&g_mp=Cidnb29nbGUubWFwcy5wbGFjZXMudjEuUGxhY2VzLlNlYXJjaFRleHQQAhgEIAA
DISK LANCHES MICAELA,"Estr. Mildau, 877 - Pirabeiraba, Joinville - SC, 89293-415",,(47) 99141-0673,sim,sim,5,4,OPERATIONAL,snack_bar,snack_bar meal_takeaway restaurant food point_of_interest establishment,https://maps.google.com/?cid=14526297173254165380&g_mp=Cidnb29nbGUubWFwcy5wbGFjZXMudjEuUGxhY2VzLlNlYXJjaFRleHQQAhgEIAA
Divina Gula,"R. Dona Francisca, 1120 - Saguaçu, Joinville - SC, 89221-006",,(47) 3422-3940,sim,sim,4.6,1638,OPERATIONAL,bakery,bakery candy_store confectionery food_store store food point_of_interest establishment,https://maps.google.com/?cid=605596623493516835&g_mp=Cidnb29nbGUubWFwcy5wbGFjZXMudjEuUGxhY2VzLlNlYXJjaFRleHQQAhgEIAA
Divina Massa Pastelaria,"R. Fátima, 2565 - Fátima, Joinville - SC, 89229-070",,(47) 98807-1539,sim,sim,4.6,189,OPERATIONAL,brazilian_restaurant,brazilian_restaurant restaurant food point_of_interest establishment,https://maps.google.com/?cid=4635194983666465736&g_mp=Cidnb29nbGUubWFwcy5wbGFjZXMudjEuUGxhY2VzLlNlYXJjaFRleHQQAhgEIAA
Divino Pão de Alho,"R. Dona Francisca - Saguaçu, Joinville - SC, 89221-010",https://divinopaodealho.chefware.com.br/,(47) 99260-2433,sim,sim,4.8,117,OPERATIONAL,snack_bar,snack_bar meal_takeaway restaurant food point_of_interest establishment,https://maps.google.com/?cid=630918071233805700&g_mp=Cidnb29nbGUubWFwcy5wbGFjZXMudjEuUGxhY2VzLlNlYXJjaFRleHQQAhgEIAA
DNA da Pizza Joinville,"Zap ( 47 - 99237.9769 - Saguaçu, Joinville - SC, 89221-007",https://dna-da-pizza-joinville-1.goomer.app/,(47) 3842-0047,sim,sim,4.6,877,OPERATIONAL,pizza_restaurant,pizza_restaurant pizza_delivery meal_delivery food_delivery meal_takeaway restaurant food point_of_interest establishment,https://maps.google.com/?cid=7145078320179670098&g_mp=Cidnb29nbGUubWFwcy5wbGFjZXMudjEuUGxhY2VzLlNlYXJjaFRleHQQAhgEIAA
Domino's Pizza - Joinville,"Frente para a Rua Presidente Prudente de Moraes - R. Blumenau, 3000 - Santo Antônio, Joinville - SC, 89218-055",https://www.dominos.com.br/?utm_source=google_maps&utm_medium=Link&utm_campaign=google_maps,(47) 3278-8878,sim,sim,4.2,1076,OPERATIONAL,pizza_restaurant,pizza_restaurant fast_food_restaurant restaurant food point_of_interest establishment,https://maps.google.com/?cid=15430221646465377403&g_mp=Cidnb29nbGUubWFwcy5wbGFjZXMudjEuUGxhY2VzLlNlYXJjaFRleHQQAhgEIAA
"Don Avila pizzaria, lanches e porções","R. Areia Branca, 884 - Jardim Iririú, Joinville - SC, 89224-475",https://www.instagram.com/pizzariadonavila/,(47) 99207-6859,sim,sim,4.9,175,OPERATIONAL,pizza_restaurant,pizza_restaurant pizza_delivery meal_delivery food_delivery restaurant food point_of_interest establishment,https://maps.google.com/?cid=17924834088000360726&g_mp=Cidnb29nbGUubWFwcy5wbGFjZXMudjEuUGxhY2VzLlNlYXJjaFRleHQQAhgEIAA
Don Canelone Pizzaria,"R. Mercês, 222 - Fátima, Joinville - SC, 89229-130",https://pedir.delivery/app/doncanelone/menu,(47) 3426-1210,sim,sim,4.6,1275,OPERATIONAL,pizza_restaurant,pizza_restaurant bar spanish_restaurant pizza_delivery meal_delivery food_delivery european_restaurant meal_takeaway restaurant food point_of_interest establishment,https://maps.google.com/?cid=6721772584930337347&g_mp=Cidnb29nbGUubWFwcy5wbGFjZXMudjEuUGxhY2VzLlNlYXJjaFRleHQQAhgEIAA
Don Falcone,"R. Adolfo da Veiga, 1550 - Itinga, Joinville - SC, 89235-001",https://abre.ai/donfalcone,(47) 3279-0301,sim,sim,5,3,OPERATIONAL,pizza_restaurant,pizza_restaurant restaurant food point_of_interest establishment,https://maps.google.com/?cid=5518865939815406428&g_mp=Cidnb29nbGUubWFwcy5wbGFjZXMudjEuUGxhY2VzLlNlYXJjaFRleHQQAhgEIAA
Don Francesco,"Av. Getúlio Vargas, 1446 - Bucarein, Joinville - SC, 89202-002",,,,sim,4.2,87,OPERATIONAL,fast_food_restaurant,fast_food_restaurant restaurant food point_of_interest establishment,https://maps.google.com/?cid=6878846622236427679&g_mp=Cidnb29nbGUubWFwcy5wbGFjZXMudjEuUGxhY2VzLlNlYXJjaFRleHQQAhgEIAA
Don Leonardo Pizzaria,"R. Vasco da Gama, 314 - Fátima, Joinville - SC, 89229-126",https://instagram.com/donleonardopizzaria?igshid=MmU2YjMzNjRlOQ==,(47) 99640-5923,sim,sim,4.5,190,OPERATIONAL,pizza_restaurant,pizza_restaurant restaurant food point_of_interest establishment,https://maps.google.com/?cid=4115450104785804704&g_mp=Cidnb29nbGUubWFwcy5wbGFjZXMudjEuUGxhY2VzLlNlYXJjaFRleHQQAhgEIAA
Dona do Pedaço Pizzaria,"Av. Getúlio Vargas, 341 - Bucarein, Joinville - SC, 89202-205",,(47) 99726-1692,sim,,5,3,OPERATIONAL,pizza_restaurant,pizza_restaurant restaurant food point_of_interest establishment,https://maps.google.com/?cid=17253864691514340813&g_mp=Cidnb29nbGUubWFwcy5wbGFjZXMudjEuUGxhY2VzLlNlYXJjaFRleHQQAhgEIAA
Dona Elza Restaurante e Pizzaria no Boehmerwald,"R. Boehmerwald, 820 - Boehmerwald, Joinville - SC, 89232-486",http://pizzariadonaelza.com.br/,(47) 3438-2250,sim,sim,4.2,741,OPERATIONAL,restaurant,restaurant buffet_restaurant pizza_restaurant pizza_delivery meal_delivery food_delivery food point_of_interest establishment,https://maps.google.com/?cid=6056432174941541186&g_mp=Cidnb29nbGUubWFwcy5wbGFjZXMudjEuUGxhY2VzLlNlYXJjaFRleHQQAhgEIAA
Dona Neiva Marmitaria,"Servidão Petronilha da Silva, 22 - Jarivatuba, Joinville - SC, 89230-204",,(47) 99133-9392,sim,,5,1,OPERATIONAL,meal_delivery,meal_delivery food_delivery food point_of_interest establishment,https://maps.google.com/?cid=8670405826062362921&g_mp=Cidnb29nbGUubWFwcy5wbGFjZXMudjEuUGxhY2VzLlNlYXJjaFRleHQQAhgEIAA
Dona Pizza,"R. das Cegonhas, 145 - Iririú, Joinville - SC, 89227-645",https://pedir.delivery/donapizza,(47) 99725-6277,sim,sim,4.9,1579,OPERATIONAL,pizza_restaurant,pizza_restaurant shipping_service pizza_delivery meal_delivery food_delivery restaurant food point_of_interest service establishment,https://maps.google.com/?cid=10552026423346438054&g_mp=Cidnb29nbGUubWFwcy5wbGFjZXMudjEuUGxhY2VzLlNlYXJjaFRleHQQAhgEIAA
Donari Pizzaria,"R. Constâncio Visentainer, 77 - Aventureiro, Joinville - SC, 89225-765",,,,,,,OPERATIONAL,point_of_interest,point_of_interest establishment,https://maps.google.com/?cid=17620862123490702029&g_mp=Cidnb29nbGUubWFwcy5wbGFjZXMudjEuUGxhY2VzLlNlYXJjaFRleHQQAhgEIAA
Donna Jô,"R. Icaraí - Floresta, Joinville - SC, 89211-500",,(47) 98411-7294,sim,sim,5,4,OPERATIONAL,restaurant,restaurant food point_of_interest establishment,https://maps.google.com/?cid=10927188979825486848&g_mp=Cidnb29nbGUubWFwcy5wbGFjZXMudjEuUGxhY2VzLlNlYXJjaFRleHQQAhgEIAA
Dryville,"R. São Paulo, 949 - Bucarein, Joinville - SC, 89202-253",,(47) 3455-2712,sim,sim,4.6,2577,OPERATIONAL,snack_bar,snack_bar hamburger_restaurant fast_food_restaurant sandwich_shop american_restaurant meal_takeaway restaurant food point_of_interest establishment,https://maps.google.com/?cid=5253296297925293013&g_mp=Cidnb29nbGUubWFwcy5wbGFjZXMudjEuUGxhY2VzLlNlYXJjaFRleHQQAhgEIAA
Dêni Lanches,"R. Frontin, 731 - Jardim Iririú, Joinville - SC, 89224-071",https://pedir.delivery/denilanches,(47) 99942-8582,sim,sim,3.6,134,OPERATIONAL,snack_bar,snack_bar meal_takeaway restaurant food point_of_interest establishment,https://maps.google.com/?cid=7685801742067054051&g_mp=Cidnb29nbGUubWFwcy5wbGFjZXMudjEuUGxhY2VzLlNlYXJjaFRleHQQAhgEIAA
El braseiro,"R. Monsenhor Gercino, 3293 - Jarivatuba, Joinville - SC, 89210-505",https://www.instagram.com/el_braseiro/,(47) 98848-4444,sim,sim,4.2,40,OPERATIONAL,snack_bar,snack_bar meal_takeaway restaurant food point_of_interest establishment,https://maps.google.com/?cid=5781409965970662763&g_mp=Cidnb29nbGUubWFwcy5wbGFjZXMudjEuUGxhY2VzLlNlYXJjaFRleHQQAhgEIAA
Embalagens LCA,"R. São Paulo, 3315 - Itaum, Joinville - SC, 89210-001",,(47) 99108-3958,,,5,19,OPERATIONAL,manufacturer,manufacturer point_of_interest establishment,https://maps.google.com/?cid=13588504769355058179&g_mp=Cidnb29nbGUubWFwcy5wbGFjZXMudjEuUGxhY2VzLlNlYXJjaFRleHQQAhgEIAA
Emporio Bocas do Mar,"Estrada João de Souza Mello e Alvin - Calçadão Vigorelli, 4000 - Cubatão, Joinville - SC, 89226-831",,(47) 99985-4269,,sim,5,1,OPERATIONAL,wine_bar,wine_bar liquor_store fondue_restaurant swiss_restaurant bar pizza_restaurant food_store european_restaurant store restaurant food point_of_interest establishment,https://maps.google.com/?cid=8692146901272104061&g_mp=Cidnb29nbGUubWFwcy5wbGFjZXMudjEuUGxhY2VzLlNlYXJjaFRleHQQAhgEIAA
Empório Quiriri,"Estr. Quiriri - Pirabeiraba, Joinville - SC, 89239-490",,(47) 3440-1146,,sim,4.7,591,OPERATIONAL,restaurant,restaurant brazilian_restaurant food point_of_interest establishment,https://maps.google.com/?cid=17190864528907338951&g_mp=Cidnb29nbGUubWFwcy5wbGFjZXMudjEuUGxhY2VzLlNlYXJjaFRleHQQAhgEIAA
Esfihaville Pizzas e Esfihas,"R. Guanabara, 2690 - Fátima, Joinville - SC, 89229-000",http://pedir.delivery/app/esfihaville,(47) 3202-9004,sim,sim,4.1,330,OPERATIONAL,pizza_restaurant,pizza_restaurant restaurant food point_of_interest establishment,https://maps.google.com/?cid=16259082261434450491&g_mp=Cidnb29nbGUubWFwcy5wbGFjZXMudjEuUGxhY2VzLlNlYXJjaFRleHQQAhgEIAA
Espaço da Pizza,"Zap ( 47 - 99237.9769 - Iririú, Joinville - SC, 89227-645",http://www.espacodapizza.com.br/,(47) 99671-6830,sim,sim,4.6,766,OPERATIONAL,pizza_restaurant,pizza_restaurant pizza_delivery meal_delivery food_delivery meal_takeaway restaurant food point_of_interest establishment,https://maps.google.com/?cid=9099902065553538625&g_mp=Cidnb29nbGUubWFwcy5wbGFjZXMudjEuUGxhY2VzLlNlYXJjaFRleHQQAhgEIAA
Espetinhos CHIQUETOSO,"R. Ten. Antônio João, 2160 - Bom Retiro, Joinville - SC, 89223-395",https://www.facebook.com/espetinhochiquetoso/,(47) 99601-2778,sim,sim,4.7,737,OPERATIONAL,barbecue_restaurant,barbecue_restaurant kebab_shop snack_bar meal_takeaway restaurant food point_of_interest establishment,https://maps.google.com/?cid=1147247702189870220&g_mp=Cidnb29nbGUubWFwcy5wbGFjZXMudjEuUGxhY2VzLlNlYXJjaFRleHQQAhgEIAA
Esquadrão das Pizzas,"Av. Alm. Jaceguay, 3225 - Costa e Silva, Joinville - SC, 89220-055",,(47) 99974-2118,sim,sim,4.5,35,OPERATIONAL,pizza_restaurant,pizza_restaurant restaurant food point_of_interest establishment,https://maps.google.com/?cid=18094382455824313468&g_mp=Cidnb29nbGUubWFwcy5wbGFjZXMudjEuUGxhY2VzLlNlYXJjaFRleHQQAhgEIAA
Esquina do frango,"R. Anita Garibaldi, 530 - Anita Garibaldi, Joinville - SC, 89203-300",,(47) 99641-4642,sim,sim,4.5,17,OPERATIONAL,chicken_restaurant,chicken_restaurant restaurant food point_of_interest establishment,https://maps.google.com/?cid=8332340073577884811&g_mp=Cidnb29nbGUubWFwcy5wbGFjZXMudjEuUGxhY2VzLlNlYXJjaFRleHQQAhgEIAA
Essenza Pizzaria Delivery,"R: Walmor Harger, 27 - Sala 02 - Costa e Silva, Joinville - SC, 89220-650",https://www.horadolanche.com/m/essenzapizzariadelivery/,(47) 98869-7066,sim,,5,23,OPERATIONAL,pizza_restaurant,pizza_restaurant italian_restaurant pizza_delivery meal_delivery food_delivery european_restaurant meal_takeaway restaurant food point_of_interest establishment,https://maps.google.com/?cid=7265904010637955303&g_mp=Cidnb29nbGUubWFwcy5wbGFjZXMudjEuUGxhY2VzLlNlYXJjaFRleHQQAhgEIAA
ESTAÇÃO AMÉRICA RESTAURANTE E PIZZARIA,"R. Dr. João Colin, 2933 - Santo Antônio, Joinville - SC, 89218-035",https://pedir.delivery/estacaoamericapizzaria?src=wabot&wp=267752724013067,(47) 98849-9876,sim,sim,4.6,753,OPERATIONAL,buffet_restaurant,buffet_restaurant restaurant food point_of_interest establishment,https://maps.google.com/?cid=12350861873427997039&g_mp=Cidnb29nbGUubWFwcy5wbGFjZXMudjEuUGxhY2VzLlNlYXJjaFRleHQQAhgEIAA
Estação Grill Restaurante e Café Colonial,"R. Tuiuti, 2656 - Aventureiro, Joinville - SC, 89226-000",https://pedir.delivery/estacaogrill,(47) 99746-5553,sim,sim,4.7,800,OPERATIONAL,brazilian_restaurant,brazilian_restaurant restaurant food point_of_interest establishment,https://maps.google.com/?cid=6572954324319421100&g_mp=Cidnb29nbGUubWFwcy5wbGFjZXMudjEuUGxhY2VzLlNlYXJjaFRleHQQAhgEIAA
Estação Massas e Pizzas,"R. Tuiuti, 2656 - Aventureiro, Joinville - SC, 89226-000",https://estacaomassasepizzas.com.br/?utm_source=gmb&utm_medium=cta,(47) 98488-0841,sim,sim,5,4,OPERATIONAL,pizza_restaurant,pizza_restaurant restaurant food point_of_interest establishment,https://maps.google.com/?cid=17104283382483815213&g_mp=Cidnb29nbGUubWFwcy5wbGFjZXMudjEuUGxhY2VzLlNlYXJjaFRleHQQAhgEIAA
EZ Oven,"R. Arnaldo Moreira Douat, 444 - A5 - Floresta, Joinville - SC, 89211-000",http://www.ezoven.com.br/,(47) 3025-2025,,,4.5,8,OPERATIONAL,,manufacturer point_of_interest establishment,https://maps.google.com/?cid=13139399586972446501&g_mp=Cidnb29nbGUubWFwcy5wbGFjZXMudjEuUGxhY2VzLlNlYXJjaFRleHQQAhgEIAA
Fast Pizza Delivery Joinville - Pizzaria,"R. Seis de Janeiro, 581 - Paranaguamirim, Joinville - SC, 89231-420",https://www.contate.me/fast-pizza,(47) 99770-4885,sim,sim,4.9,82,OPERATIONAL,pizza_delivery,pizza_delivery meal_delivery food_delivery food point_of_interest establishment,https://maps.google.com/?cid=9518152745505724433&g_mp=Cidnb29nbGUubWFwcy5wbGFjZXMudjEuUGxhY2VzLlNlYXJjaFRleHQQAhgEIAA
Felicita pizzaria,"R. Petrópolis, 120 - Itaum, Joinville - SC, 89208-300",https://pedir.delivery/felicitapizzaria?src=wabot,(47) 98819-4682,sim,sim,,,OPERATIONAL,pizza_restaurant,pizza_restaurant restaurant food point_of_interest establishment,https://maps.google.com/?cid=11244953589331304202&g_mp=Cidnb29nbGUubWFwcy5wbGFjZXMudjEuUGxhY2VzLlNlYXJjaFRleHQQAhgEIAA
Felizze Trattoria e Forneria | Sem glúten,"R. Visc. de Taunay, 240 - Centro, Joinville - SC, 89201-420",https://www.instagram.com/felizzejoinville/,(47) 99104-5379,sim,sim,4.2,122,OPERATIONAL,restaurant,restaurant food point_of_interest establishment,https://maps.google.com/?cid=17856518175772675194&g_mp=Cidnb29nbGUubWFwcy5wbGFjZXMudjEuUGxhY2VzLlNlYXJjaFRleHQQAhgEIAA
FERREIRA PIZZARIA,"R. Profeta Jeremias - Joinville, SC, 89226-822",,(47) 99701-4974,sim,,,,OPERATIONAL,restaurant,restaurant food point_of_interest establishment,https://maps.google.com/?cid=14061571316602655330&g_mp=Cidnb29nbGUubWFwcy5wbGFjZXMudjEuUGxhY2VzLlNlYXJjaFRleHQQAhgEIAA
Ferreira Sourdough,"R. Frederico Hubner, 37 - Sala 03 - América, Joinville - SC, 89204-280",https://sites.google.com/view/ferreirapaeslevedados/nossos-produtos,(47) 98916-0246,sim,,4.9,32,OPERATIONAL,bakery,bakery pizza_restaurant food_store store restaurant food point_of_interest establishment,https://maps.google.com/?cid=17735967880154809029&g_mp=Cidnb29nbGUubWFwcy5wbGFjZXMudjEuUGxhY2VzLlNlYXJjaFRleHQQAhgEIAA
Fina Pizza,"R. Monsenhor Gercino, n° 4068 - João Costa, Joinville - SC, 89230-214",https://bit.ly/3Erz8BH,(47) 99706-7866,sim,sim,4,48,OPERATIONAL,pizza_restaurant,pizza_restaurant restaurant food point_of_interest establishment,https://maps.google.com/?cid=8004526322600770236&g_mp=Cidnb29nbGUubWFwcy5wbGFjZXMudjEuUGxhY2VzLlNlYXJjaFRleHQQAhgEIAA
Fior di Neve Gelato & Café,"R. Otto Boehm, 1069 - Glória, Joinville - SC, 89216-284",,,sim,sim,4.6,264,OPERATIONAL,ice_cream_shop,ice_cream_shop dessert_shop confectionery food_store store food point_of_interest establishment,https://maps.google.com/?cid=12801774934305149117&g_mp=Cidnb29nbGUubWFwcy5wbGFjZXMudjEuUGxhY2VzLlNlYXJjaFRleHQQAhgEIAA
Fiorello Café e Bistrô,"R. Expedicionário Holz, 167 - Atiradores, Joinville - SC, 89203-085",,(47) 3202-6910,sim,sim,4.5,863,OPERATIONAL,coffee_shop,coffee_shop dog_cafe breakfast_restaurant brazilian_restaurant cafe dessert_shop confectionery food_store store restaurant food point_of_interest establishment,https://maps.google.com/?cid=18242757698812620093&g_mp=Cidnb29nbGUubWFwcy5wbGFjZXMudjEuUGxhY2VzLlNlYXJjaFRleHQQAhgEIAA
"Flores & Frutos – Cafeteria, Restaurante e Floricultura","R. Aquidaban, 382 - Atiradores, Joinville - SC, 89201-652",http://www.emporiofloresefrutos.com.br/,(47) 3305-0595,sim,,4.6,794,OPERATIONAL,grocery_store,coffee_shop cafe grocery_store food_store store restaurant food point_of_interest establishment,https://maps.google.com/?cid=8471152366466565027&g_mp=Cidnb29nbGUubWFwcy5wbGFjZXMudjEuUGxhY2VzLlNlYXJjaFRleHQQAhgEIAA
"FM Búrguer, pastéis e pizzas","R. dos Holandeses, 380 - Pirabeiraba, Joinville - SC, 89239-240",https://pedir.delivery/fmhamburgueria,(47) 99902-1648,,sim,3.7,3,OPERATIONAL,snack_bar,snack_bar meal_takeaway restaurant food point_of_interest establishment,https://maps.google.com/?cid=15804437704578822512&g_mp=Cidnb29nbGUubWFwcy5wbGFjZXMudjEuUGxhY2VzLlNlYXJjaFRleHQQAhgEIAA
Fogazzu Pizzaria,"R. Oscar Antônio Schneider, 61 - Atiradores, Joinville - SC, 89203-040",https://pedir.delivery/app/fogazzupizzaria/menu,(47) 99148-8828,sim,sim,4.6,177,OPERATIONAL,pizza_restaurant,pizza_restaurant restaurant food point_of_interest establishment,https://maps.google.com/?cid=3286270181980251923&g_mp=Cidnb29nbGUubWFwcy5wbGFjZXMudjEuUGxhY2VzLlNlYXJjaFRleHQQAhgEIAA
Formaggio Pastéis e Pizzas,"R. Graciosa, 810 - Guanabara, Joinville - SC, 89207-101",http://www.formaggiopasteisepizzas.com.br/,(47) 3025-4010,sim,sim,4.8,1834,OPERATIONAL,pizza_restaurant,pizza_restaurant brazilian_restaurant restaurant food point_of_interest establishment,https://maps.google.com/?cid=10767174120842727351&g_mp=Cidnb29nbGUubWFwcy5wbGFjZXMudjEuUGxhY2VzLlNlYXJjaFRleHQQAhgEIAA
Forneria Antunes Joinville,"R. das Cegonhas, 243 - Iririú, Joinville - SC, 89227-645",,(47) 3028-1857,sim,sim,4.4,19,OPERATIONAL,pizza_restaurant,pizza_restaurant restaurant food point_of_interest establishment,https://maps.google.com/?cid=6822150760463647981&g_mp=Cidnb29nbGUubWFwcy5wbGFjZXMudjEuUGxhY2VzLlNlYXJjaFRleHQQAhgEIAA
Fratelli Pizzaria,"R. Minas Gerais, 2928 - Nova Brasília, Joinville - SC, 89214-600",https://pedir.delivery/Fratelli,(47) 98483-2304,sim,,5,8,OPERATIONAL,meal_delivery,meal_delivery food_delivery food point_of_interest establishment,https://maps.google.com/?cid=13948422647555154054&g_mp=Cidnb29nbGUubWFwcy5wbGFjZXMudjEuUGxhY2VzLlNlYXJjaFRleHQQAhgEIAA
Fratellino Joinville | Italian Food,"R. Min. Calógeras, 326 - Centro, Joinville - SC, 89202-165",https://pedido.takeat.app/fratellinomatriz,,sim,sim,4.9,42,OPERATIONAL,italian_restaurant,italian_restaurant european_restaurant restaurant food point_of_interest establishment,https://maps.google.com/?cid=3246772027154334811&g_mp=Cidnb29nbGUubWFwcy5wbGFjZXMudjEuUGxhY2VzLlNlYXJjaFRleHQQAhgEIAA
Fritz Chopperia,"R. Quinze de Outubro, 3928 - Rio Bonito (Piraberaba), Joinville - SC, 89239-700",,(47) 99610-1248,,sim,4.8,470,OPERATIONAL,german_restaurant,german_restaurant european_restaurant restaurant food point_of_interest establishment,https://maps.google.com/?cid=8255365487797579930&g_mp=Cidnb29nbGUubWFwcy5wbGFjZXMudjEuUGxhY2VzLlNlYXJjaFRleHQQAhgEIAA
Fábrica da Pizza,"R. Santa Catarina, 4126 - Santa Catarina, Joinville - SC, 89233-000",https://wa.me/message/W4DN3VZPPB27A1,(47) 99914-8184,sim,sim,4.8,73,OPERATIONAL,pizza_delivery,pizza_delivery meal_delivery food_delivery food point_of_interest establishment,https://maps.google.com/?cid=14054741884414979974&g_mp=Cidnb29nbGUubWFwcy5wbGFjZXMudjEuUGxhY2VzLlNlYXJjaFRleHQQAhgEIAA
Galeria Pizzas Aventureiro,"R. Tuiuti, 4268 - Aventureiro, Joinville - SC, 89226-001",https://galeriapizzasaventureiro.mandarpedido.com/home,(47) 3278-3579,sim,sim,4.7,3027,OPERATIONAL,pizza_restaurant,pizza_restaurant pizza_delivery meal_delivery food_delivery restaurant food point_of_interest establishment,https://maps.google.com/?cid=1070601934691095244&g_mp=Cidnb29nbGUubWFwcy5wbGFjZXMudjEuUGxhY2VzLlNlYXJjaFRleHQQAhgEIAA
"Galeteria e Pizzaria XV - Loja 01 | Assados em Joinville | Frango, Galeto, Carnes, Acompanhamentos e Pratos Executivos","R. XV de Novembro, 3088 - Sala 5 - Glória, Joinville - SC, 89216-204",https://instagram.com/galeteriaxv?igshid=YmMyMTA2M2Y=,(47) 3445-0749,sim,sim,4.2,116,OPERATIONAL,chicken_restaurant,chicken_restaurant acai_shop brazilian_restaurant fast_food_restaurant restaurant food point_of_interest establishment,https://maps.google.com/?cid=17557457528480095066&g_mp=Cidnb29nbGUubWFwcy5wbGFjZXMudjEuUGxhY2VzLlNlYXJjaFRleHQQAhgEIAA
"Galeteria e Pizzaria XV - Loja 2 | Assados em Joinville | Frango, Galeto, Carnes, Acompanhamentos e Pratos Executivos","R. Boehmerwald, 2366 - Parque Guarani, Joinville - SC, 89209-680",https://www.liinks.co/galeteriaxv,(47) 3466-5450,sim,sim,4.2,5,OPERATIONAL,restaurant,restaurant food point_of_interest establishment,https://maps.google.com/?cid=13404222805881328986&g_mp=Cidnb29nbGUubWFwcy5wbGFjZXMudjEuUGxhY2VzLlNlYXJjaFRleHQQAhgEIAA
Gatto Matto Pizza & Bar,"R. Max Colin, 1246 - América, Joinville - SC, 89204-041",,(47) 3030-2826,,sim,5,1,OPERATIONAL,pizza_restaurant,pizza_restaurant restaurant food point_of_interest establishment,https://maps.google.com/?cid=15847507942748552675&g_mp=Cidnb29nbGUubWFwcy5wbGFjZXMudjEuUGxhY2VzLlNlYXJjaFRleHQQAhgEIAA
Giuseppe Restaurante,"R. Otto Boehm, 604 - América, Joinville - SC, 89201-700",http://www.giusepperestaurante.com.br/,(47) 3028-0077,sim,sim,4.7,2141,OPERATIONAL,italian_restaurant,italian_restaurant european_restaurant restaurant food point_of_interest establishment,https://maps.google.com/?cid=18342765344305862732&g_mp=Cidnb29nbGUubWFwcy5wbGFjZXMudjEuUGxhY2VzLlNlYXJjaFRleHQQAhgEIAA
Givan's Lanchonete e Pizzaria,"R. Pte. Serrada, 238 - Comasa, Joinville - SC, 89228-270",https://www.ifood.com.br/delivery/joinville-sc/givans-lanchonete-e-pizzaria-comasa/ecf6f04b-9963-4d4b-8186-b566a00f1f3a?utm_medium=ReserveGoogle,(47) 3416-3389,sim,sim,4.4,444,OPERATIONAL,pizza_restaurant,pizza_restaurant snack_bar meal_takeaway restaurant food point_of_interest establishment,https://maps.google.com/?cid=14053136168183339222&g_mp=Cidnb29nbGUubWFwcy5wbGFjZXMudjEuUGxhY2VzLlNlYXJjaFRleHQQAhgEIAA
Gran Pizza Boa Vista,"R. Pref. Helmuth Fallgatter, 1485 - Boa Vista, Joinville - SC, 89206-100",https://pedir.delivery/granpizza,(47) 99972-1450,sim,sim,4.5,189,OPERATIONAL,pizza_restaurant,pizza_restaurant pizza_delivery meal_delivery food_delivery meal_takeaway restaurant food point_of_interest establishment,https://maps.google.com/?cid=17964782614447737530&g_mp=Cidnb29nbGUubWFwcy5wbGFjZXMudjEuUGxhY2VzLlNlYXJjaFRleHQQAhgEIAA
Granni Pasta Ristorante,"Ac. Garten Shopping, 333 - Bom Retiro, Joinville - SC, 89223-005",https://grannipastaristorante.com.br/,(11) 99212-8376,sim,,5,32,OPERATIONAL,italian_restaurant,italian_restaurant pizza_restaurant meal_delivery food_delivery food_store european_restaurant store restaurant food point_of_interest establishment,https://maps.google.com/?cid=3736077903605388438&g_mp=Cidnb29nbGUubWFwcy5wbGFjZXMudjEuUGxhY2VzLlNlYXJjaFRleHQQAhgEIAA
Grano Pasta Ristorante,"Ac. Garten Shopping, 333 - Bom Retiro, Joinville - SC, 89223-005",,(41) 3225-5698,,sim,3.7,101,OPERATIONAL,italian_restaurant,italian_restaurant european_restaurant restaurant food point_of_interest establishment,https://maps.google.com/?cid=3856540390086759343&g_mp=Cidnb29nbGUubWFwcy5wbGFjZXMudjEuUGxhY2VzLlNlYXJjaFRleHQQAhgEIAA
Guardiões da Selva | Rodízio Temático,"R. Bento Torquato da Rocha, 286 - 1192R - Vila Nova, Joinville - SC, 89237-100",https://guardioesdaselva.com.br/,(47) 3305-7474,,,4.6,1225,OPERATIONAL,family_restaurant,family_restaurant restaurant food point_of_interest establishment,https://maps.google.com/?cid=12208677048346199940&g_mp=Cidnb29nbGUubWFwcy5wbGFjZXMudjEuUGxhY2VzLlNlYXJjaFRleHQQAhgEIAA
Gullas Pizzaria e Rotisseria,"R. Egito, 75 - Iririú, Joinville - SC, 89227-720",http://www.pizzariagullas.com.br/,(47) 3433-0322,sim,sim,4.4,1213,OPERATIONAL,pizza_restaurant,pizza_restaurant restaurant food point_of_interest establishment,https://maps.google.com/?cid=15869295088162793124&g_mp=Cidnb29nbGUubWFwcy5wbGFjZXMudjEuUGxhY2VzLlNlYXJjaFRleHQQAhgEIAA
H.pizza delivery,"R. Leopoldo Beninca, 53 - Vila Nova, Joinville - SC, 89237-100",https://m.facebook.com/pizzas.halley.9,(47) 3422-8466,sim,sim,4.4,779,OPERATIONAL,pizza_restaurant,pizza_restaurant restaurant food point_of_interest establishment,https://maps.google.com/?cid=919765436416996504&g_mp=Cidnb29nbGUubWFwcy5wbGFjZXMudjEuUGxhY2VzLlNlYXJjaFRleHQQAhgEIAA
Habib's,"Av. José Vieira, 175 - América, Joinville - SC, 89204-110",http://www.habibs.com.br/,(11) 5696-6000,sim,sim,3.7,6480,OPERATIONAL,fast_food_restaurant,fast_food_restaurant middle_eastern_restaurant restaurant food point_of_interest establishment,https://maps.google.com/?cid=13810691654146238256&g_mp=Cidnb29nbGUubWFwcy5wbGFjZXMudjEuUGxhY2VzLlNlYXJjaFRleHQQAhgEIAA
Hamburgueria Deck 245,"R. João Luiz de Miranda Coutinho, 245 - Paranaguamirim, Joinville - SC, 89231-720",https://instadelivery.com.br/DeckHamburgueria,(47) 99995-7619,sim,sim,4.8,32,OPERATIONAL,hamburger_restaurant,hamburger_restaurant american_restaurant meal_takeaway restaurant food point_of_interest establishment,https://maps.google.com/?cid=1345570243139519843&g_mp=Cidnb29nbGUubWFwcy5wbGFjZXMudjEuUGxhY2VzLlNlYXJjaFRleHQQAhgEIAA
Hamburgueria Teodoro,"R. Dona Francisca, 4805 - Santo Antônio, Joinville - SC, 89218-112",https://app.mogomenu.com.br/hamburgueriateodoro,(47) 99990-4405,sim,sim,4.4,1549,OPERATIONAL,hamburger_restaurant,hamburger_restaurant american_restaurant restaurant food point_of_interest establishment,https://maps.google.com/?cid=17219773017681671946&g_mp=Cidnb29nbGUubWFwcy5wbGFjZXMudjEuUGxhY2VzLlNlYXJjaFRleHQQAhgEIAA
Haza Esfiharia Artesanal - Delivery de Esfihas,"Sup. Giassi - R. Inácio Bastos, 173 - Sl 305 - Floresta, Joinville - SC, 89202-312",,(47) 98857-3737,,sim,4.6,20,OPERATIONAL,middle_eastern_restaurant,middle_eastern_restaurant restaurant food point_of_interest establishment,https://maps.google.com/?cid=17566814341576501839&g_mp=Cidnb29nbGUubWFwcy5wbGFjZXMudjEuUGxhY2VzLlNlYXJjaFRleHQQAhgEIAA
HOLY MEAT,"R. Tijucas, 386 - América, Joinville - SC, 89204-020",http://holymeat.com.br/,(47) 3202-6163,sim,sim,4.9,1059,OPERATIONAL,steak_house,steak_house restaurant food point_of_interest establishment,https://maps.google.com/?cid=5211164600410691340&g_mp=Cidnb29nbGUubWFwcy5wbGFjZXMudjEuUGxhY2VzLlNlYXJjaFRleHQQAhgEIAA
Home Pizza,"R. Arlindo Corrêa, 836 - Vila Nova, Joinville - SC, 89237-387",http://homepizza.net.br/,(47) 98838-8410,,não,5,273,OPERATIONAL,,point_of_interest establishment,https://maps.google.com/?cid=17821983750216421800&g_mp=Cidnb29nbGUubWFwcy5wbGFjZXMudjEuUGxhY2VzLlNlYXJjaFRleHQQAhgEIAA
Hora da Pizza,"R. João da Costa Júnior, 1361 - João Costa, Joinville - SC, 89209-401",,(47) 3463-4930,sim,sim,4.1,225,OPERATIONAL,pizza_delivery,pizza_delivery pizza_restaurant meal_delivery food_delivery restaurant food point_of_interest establishment,https://maps.google.com/?cid=1861469398302429977&g_mp=Cidnb29nbGUubWFwcy5wbGFjZXMudjEuUGxhY2VzLlNlYXJjaFRleHQQAhgEIAA
Hora da Pizza,"R. Ronald Martin Dedekind, 278 - Adhemar Garcia, Joinville - SC, 89230-810",https://pedir.delivery/horadapizza-adhemargarcia,(47) 3407-2166,sim,sim,4.1,277,OPERATIONAL,pizza_delivery,pizza_delivery meal_delivery food_delivery food point_of_interest establishment,https://maps.google.com/?cid=6542734216809642928&g_mp=Cidnb29nbGUubWFwcy5wbGFjZXMudjEuUGxhY2VzLlNlYXJjaFRleHQQAhgEIAA
HORA DA PIZZA Melhor pizza da cidade,"Joao luiz de miranda coutinho, 514 - Paranaguamirim, Joinville - SC, 89231-720",,(47) 3305-7733,sim,sim,4,58,OPERATIONAL,pizza_delivery,pizza_delivery meal_delivery food_delivery food point_of_interest establishment,https://maps.google.com/?cid=10456843231589461961&g_mp=Cidnb29nbGUubWFwcy5wbGFjZXMudjEuUGxhY2VzLlNlYXJjaFRleHQQAhgEIAA
Hot Dog - O Poderoso Dogão,"Rua Selma Doering Brunhs 602 - Jardim Iririú, Joinville - SC, 89224-403",https://www.ifood.com.br/delivery/joinville-sc/hot-dog---o-poderoso-dogao-jardim-iririu/239c91de-a336-41b3-930c-5e9d5f4f4788?UTM_Medium=share,(47) 98469-6634,sim,sim,5,12,OPERATIONAL,meal_delivery,meal_delivery snack_bar food_delivery meal_takeaway restaurant food point_of_interest establishment,https://maps.google.com/?cid=10193156581803596973&g_mp=Cidnb29nbGUubWFwcy5wbGFjZXMudjEuUGxhY2VzLlNlYXJjaFRleHQQAhgEIAA
House PIZZARIA,"R. Anita Garibaldi, 2044 - Anita Garibaldi, Joinville - SC, 89203-332",,,,,4.6,10,OPERATIONAL,restaurant,restaurant food point_of_interest establishment,https://maps.google.com/?cid=8494949602602748819&g_mp=Cidnb29nbGUubWFwcy5wbGFjZXMudjEuUGxhY2VzLlNlYXJjaFRleHQQAhgEIAA
HOUSE PIZZAS E EVENTOS,"R. Begônias, 176 - Fátima, Joinville - SC, 89207-500",https://housepizzaseventos.wixsite.com/house-pizzas,(47) 98438-3561,sim,,5,40,OPERATIONAL,pizza_restaurant,pizza_restaurant restaurant food point_of_interest establishment,https://maps.google.com/?cid=1065368620285345547&g_mp=Cidnb29nbGUubWFwcy5wbGFjZXMudjEuUGxhY2VzLlNlYXJjaFRleHQQAhgEIAA
Hunger Hamburgueria e Marmitaria,"R. Agulhas Negras, 1085 - Fátima, Joinville - SC, 89230-100",https://pedir.delivery/app/hungerpizzariaemarmitaria/menu,(47) 99676-9258,sim,,5,21,OPERATIONAL,meal_delivery,meal_delivery pizza_restaurant hamburger_restaurant food_delivery american_restaurant restaurant food point_of_interest establishment,https://maps.google.com/?cid=513899002979096318&g_mp=Cidnb29nbGUubWFwcy5wbGFjZXMudjEuUGxhY2VzLlNlYXJjaFRleHQQAhgEIAA
Hōsu Sushi,"R. Visc. de Taunay, 572 B - Centro, Joinville - SC, 89203-005",https://hosusushi.com.br/,(47) 3434-0488,sim,sim,4.3,1789,OPERATIONAL,japanese_restaurant,japanese_restaurant sushi_restaurant restaurant food point_of_interest establishment,https://maps.google.com/?cid=6115476627160028762&g_mp=Cidnb29nbGUubWFwcy5wbGFjZXMudjEuUGxhY2VzLlNlYXJjaFRleHQQAhgEIAA
Ico Lanche,"R. Alois Finder, 1056 - Aventureiro, Joinville - SC, 89225-620",,(47) 99689-4403,sim,sim,4.7,159,OPERATIONAL,snack_bar,snack_bar meal_takeaway restaurant food point_of_interest establishment,https://maps.google.com/?cid=8430330600864414747&g_mp=Cidnb29nbGUubWFwcy5wbGFjZXMudjEuUGxhY2VzLlNlYXJjaFRleHQQAhgEIAA
Império das Pizzas,"R. Piratuba, 437 - Saguaçu, Joinville - SC, 89227-075",https://pedir.delivery/app/imperiodaspizzas/menu,(47) 3435-0292,sim,sim,4.7,1726,OPERATIONAL,pizza_restaurant,pizza_restaurant restaurant food point_of_interest establishment,https://maps.google.com/?cid=2883246070765988316&g_mp=Cidnb29nbGUubWFwcy5wbGFjZXMudjEuUGxhY2VzLlNlYXJjaFRleHQQAhgEIAA
Isallia Box Pizzaria - Aventureiro,"R. Tuiuti, n° 3910 - Aventureiro, Joinville - SC, 89226-001",https://isallia.mandarpedido.com/mobile/home,(47) 99760-1849,sim,,5,1560,OPERATIONAL,pizza_restaurant,pizza_restaurant shipping_service pizza_delivery meal_delivery food_delivery meal_takeaway restaurant food point_of_interest service establishment,https://maps.google.com/?cid=6429238889062491326&g_mp=Cidnb29nbGUubWFwcy5wbGFjZXMudjEuUGxhY2VzLlNlYXJjaFRleHQQAhgEIAA
Isallia Pizzaria | Unidade Costa e Silva,"R. Rui Barbosa, 576 - Zona Industrial Norte, Joinville - SC, 89219-522",https://isalliapizzariacosta.mandarpedido.com/mobile/home,(47) 99760-1623,sim,,4.9,2295,OPERATIONAL,pizza_restaurant,pizza_restaurant shipping_service pizza_delivery meal_delivery food_delivery meal_takeaway restaurant food point_of_interest service establishment,https://maps.google.com/?cid=15956735425031057024&g_mp=Cidnb29nbGUubWFwcy5wbGFjZXMudjEuUGxhY2VzLlNlYXJjaFRleHQQAhgEIAA
Itália Cucina Tradizionale,"R. Dr. João Colin, 2287 - América, Joinville - SC, 89204-005",https://oitalia.com.br/,(47) 3425-4842,sim,sim,4.4,2614,OPERATIONAL,italian_restaurant,italian_restaurant pizza_restaurant european_restaurant restaurant food point_of_interest establishment,https://maps.google.com/?cid=12499609117852832489&g_mp=Cidnb29nbGUubWFwcy5wbGFjZXMudjEuUGxhY2VzLlNlYXJjaFRleHQQAhgEIAA
Jack Burger Choperia e Jack Glúten Free,"R. Florianópolis, 2035 - Guanabara, Joinville - SC, 89210-086",https://pedir.delivery/app/jackburgerchoperia/menu,(47) 3804-2208,sim,sim,4.6,1167,OPERATIONAL,snack_bar,snack_bar pub fast_food_restaurant bar meal_takeaway restaurant food point_of_interest establishment,https://maps.google.com/?cid=12697486156594167456&g_mp=Cidnb29nbGUubWFwcy5wbGFjZXMudjEuUGxhY2VzLlNlYXJjaFRleHQQAhgEIAA
Joinville Atacadão das Pizzas . Unidade Boa vista,"R. Albano Schmidt, 2343 - Comasa, Joinville - SC, 89205-103",,(47) 98474-5615,,,5,2,OPERATIONAL,pizza_restaurant,pizza_restaurant restaurant food point_of_interest establishment,https://maps.google.com/?cid=1524212485807748709&g_mp=Cidnb29nbGUubWFwcy5wbGFjZXMudjEuUGxhY2VzLlNlYXJjaFRleHQQAhgEIAA
Jonni's Cozinha Mediterrânea,"R. Aquidaban, 490 - América, Joinville - SC, 89201-652",https://www.jonnis.com.br/,(47) 98445-8984,sim,,4.7,532,OPERATIONAL,restaurant,restaurant mediterranean_restaurant food point_of_interest establishment,https://maps.google.com/?cid=3165543682744353432&g_mp=Cidnb29nbGUubWFwcy5wbGFjZXMudjEuUGxhY2VzLlNlYXJjaFRleHQQAhgEIAA
Júpiter Pizzaria,"Av. Júpiter, 313 - Jardim Paraíso, Joinville - SC, 89240-000",,(47) 3031-2140,sim,sim,4.4,99,OPERATIONAL,pizza_restaurant,pizza_restaurant restaurant food point_of_interest establishment,https://maps.google.com/?cid=16092543611298665202&g_mp=Cidnb29nbGUubWFwcy5wbGFjZXMudjEuUGxhY2VzLlNlYXJjaFRleHQQAhgEIAA
Karol Lanches,"R. Elizabeth Rech, 216 - Paranaguamirim, Joinville - SC, 89231-600",,(47) 98834-4518,sim,sim,3.7,336,OPERATIONAL,restaurant,restaurant fast_food_restaurant snack_bar meal_takeaway food point_of_interest establishment,https://maps.google.com/?cid=2979089498438489359&g_mp=Cidnb29nbGUubWFwcy5wbGFjZXMudjEuUGxhY2VzLlNlYXJjaFRleHQQAhgEIAA
Kib's Cozinha Árabe,"Av. Rolf Wiest, 333 - Bom Retiro, Joinville - SC, 89223-005",http://www.kibs.com.br/,(47) 3043-9440,sim,sim,4.4,1062,OPERATIONAL,middle_eastern_restaurant,middle_eastern_restaurant restaurant food point_of_interest establishment,https://maps.google.com/?cid=4761798782376657173&g_mp=Cidnb29nbGUubWFwcy5wbGFjZXMudjEuUGxhY2VzLlNlYXJjaFRleHQQAhgEIAA
La Bella Donna Pizzeria,"R. Ten. Antônio João, 1069 - Bom Retiro, Joinville - SC, 89222-401",https://labelladonnapizzaria.saipos.com/la-bella-donna-joinville,(47) 99250-3849,sim,sim,4.6,295,OPERATIONAL,pizza_delivery,pizza_delivery meal_delivery food_delivery food point_of_interest establishment,https://maps.google.com/?cid=11968226893357749737&g_mp=Cidnb29nbGUubWFwcy5wbGFjZXMudjEuUGxhY2VzLlNlYXJjaFRleHQQAhgEIAA
La Casa de Pizza e Restaurante,"R. Albano Schmidt, 1612 - Boa Vista, Joinville - SC, 89205-100",http://pedir.delivery/lacasadepizza,(47) 98480-2233,,sim,4.2,103,OPERATIONAL,pizza_restaurant,pizza_restaurant restaurant food point_of_interest establishment,https://maps.google.com/?cid=3356280176790863140&g_mp=Cidnb29nbGUubWFwcy5wbGFjZXMudjEuUGxhY2VzLlNlYXJjaFRleHQQAhgEIAA
La Vecchia Pizza,"R. Laguna, 381 - Bucarein, Joinville - SC, 89202-330",https://contatei.com.br/loja/lavecchiapizza,(47) 99988-8991,sim,,4.6,53,OPERATIONAL,pizza_restaurant,pizza_restaurant restaurant food point_of_interest establishment,https://maps.google.com/?cid=17246703933344235010&g_mp=Cidnb29nbGUubWFwcy5wbGFjZXMudjEuUGxhY2VzLlNlYXJjaFRleHQQAhgEIAA
Lanchonete 17,"Itaum, Joinville - SC, 89210-450, Brasil",,,,,4.5,30,OPERATIONAL,restaurant,restaurant food point_of_interest establishment,https://maps.google.com/?cid=2829172547328286265&g_mp=Cidnb29nbGUubWFwcy5wbGFjZXMudjEuUGxhY2VzLlNlYXJjaFRleHQQAhgEIAA
Lanchonete e Pizzaria 20V,"R. Ricardo Baumer, 129 - Vila Nova, Joinville - SC, 89237-650",,(47) 3439-5251,sim,sim,4.8,779,OPERATIONAL,pizza_restaurant,pizza_restaurant snack_bar meal_takeaway restaurant food point_of_interest establishment,https://maps.google.com/?cid=7553759413508839415&g_mp=Cidnb29nbGUubWFwcy5wbGFjZXMudjEuUGxhY2VzLlNlYXJjaFRleHQQAhgEIAA
Lanchonete e Pizzaria Rei dos Lanches,"Minas Gerais, 5350 - Morro do Meio, Joinville - SC, 89215-000",https://wa.me/47988680086,(47) 98868-0086,sim,sim,4.6,203,OPERATIONAL,pizza_restaurant,pizza_restaurant hamburger_restaurant american_restaurant restaurant food point_of_interest establishment,https://maps.google.com/?cid=17584347234256154092&g_mp=Cidnb29nbGUubWFwcy5wbGFjZXMudjEuUGxhY2VzLlNlYXJjaFRleHQQAhgEIAA
Lanchonete Tropical,"R. Olavo Bilac, 778 - Pirabeiraba, Joinville - SC, 89239-286",,(47) 3424-0559,sim,sim,4.5,822,OPERATIONAL,fast_food_restaurant,fast_food_restaurant snack_bar meal_takeaway restaurant food point_of_interest establishment,https://maps.google.com/?cid=10429583812684830194&g_mp=Cidnb29nbGUubWFwcy5wbGFjZXMudjEuUGxhY2VzLlNlYXJjaFRleHQQAhgEIAA
Lanchou Lanches e Pizzas,"R. Tuiuti, 2062 - Aventureiro, Joinville - SC, 89226-000",https://pedir.delivery/app/lanchoupizzaselanches/menu,(47) 98424-1006,sim,sim,4.5,11,OPERATIONAL,snack_bar,snack_bar courier_service shipping_service pizza_restaurant pizza_delivery meal_delivery food_delivery meal_takeaway restaurant food point_of_interest service establishment,https://maps.google.com/?cid=14416296773989339601&g_mp=Cidnb29nbGUubWFwcy5wbGFjZXMudjEuUGxhY2VzLlNlYXJjaFRleHQQAhgEIAA
Lisboa Pizzaria Delivery,"R. Dona Elza Meinert, 435 - Costa e Silva, Joinville - SC, 89218-650",https://pedir.delivery/lisboapizzaria?src=wabot&wp=47999140625&wpu=CdFqFy3SLLB&u=95d8752027,(47) 3801-4248,sim,sim,4.1,165,OPERATIONAL,pizza_restaurant,pizza_restaurant pizza_delivery meal_delivery food_delivery meal_takeaway restaurant food point_of_interest establishment,https://maps.google.com/?cid=4035673245546877133&g_mp=Cidnb29nbGUubWFwcy5wbGFjZXMudjEuUGxhY2VzLlNlYXJjaFRleHQQAhgEIAA
Loja Sakae Monsenhor Gercino,"R. Monsenhor Gercino, 1231 - Itaum, Joinville - SC, 89210-009",,(47) 99121-0445,sim,,4.5,1150,OPERATIONAL,store,store point_of_interest establishment,https://maps.google.com/?cid=2876112360256043651&g_mp=Cidnb29nbGUubWFwcy5wbGFjZXMudjEuUGxhY2VzLlNlYXJjaFRleHQQAhgEIAA
Lowcow Pizzaria & Hamburgueria,"R. Min. Calógeras, 543 - Bucarein, Joinville - SC, 89201-490",http://cardapio.lowcow.com.br/,(47) 3031-7899,sim,sim,4.7,124,OPERATIONAL,hamburger_restaurant,hamburger_restaurant pizza_restaurant meal_delivery food_delivery american_restaurant restaurant food point_of_interest establishment,https://maps.google.com/?cid=10749988600196049176&g_mp=Cidnb29nbGUubWFwcy5wbGFjZXMudjEuUGxhY2VzLlNlYXJjaFRleHQQAhgEIAA
LUD!D Frango no Balde,"R. Max Colin, 1589 - América, Joinville - SC, 89204-635",https://pedido.brendi.com.br/frango-no-balde,(47) 99118-5127,sim,sim,4.8,163,OPERATIONAL,meal_takeaway,meal_delivery food_delivery meal_takeaway restaurant food point_of_interest establishment,https://maps.google.com/?cid=15870651939207077094&g_mp=Cidnb29nbGUubWFwcy5wbGFjZXMudjEuUGxhY2VzLlNlYXJjaFRleHQQAhgEIAA
Luh Pizzaria e Hamburgueria,"R. João Luiz de Miranda Coutinho, 826 - Paranaguamirim, Joinville - SC, 89231-720",https://portal.cardapioweb.com/,(47) 99648-2079,,,,,OPERATIONAL,pizza_restaurant,pizza_restaurant restaurant food point_of_interest establishment,https://maps.google.com/?cid=5906314197259045194&g_mp=Cidnb29nbGUubWFwcy5wbGFjZXMudjEuUGxhY2VzLlNlYXJjaFRleHQQAhgEIAA
Maass Q'Gostosuras,"R. Rio dos Cedros, 2338 - Comasa, Joinville - SC, 89228-050",,,sim,sim,5,5,OPERATIONAL,meal_takeaway,middle_eastern_restaurant meal_takeaway restaurant food point_of_interest establishment,https://maps.google.com/?cid=10770158189184030434&g_mp=Cidnb29nbGUubWFwcy5wbGFjZXMudjEuUGxhY2VzLlNlYXJjaFRleHQQAhgEIAA
Machado's Pizzaria,"R. Joaquim Couto, 190 - Fátima, Joinville - SC, 89229-110",,(47) 99154-1490,sim,sim,,,OPERATIONAL,pizza_restaurant,pizza_restaurant restaurant food point_of_interest establishment,https://maps.google.com/?cid=16594956980263748376&g_mp=Cidnb29nbGUubWFwcy5wbGFjZXMudjEuUGxhY2VzLlNlYXJjaFRleHQQAhgEIAA
Magia Urbana Lanches e Porções Food Truck - Melhor Lanche Gourmet da Cidade de Joinville,"R. Florianópolis, 2113 - Guanabara, Joinville - SC, 89207-462",https://pedir.delivery/magiaurbanalanchonete,(47) 98455-7133,sim,sim,4.3,80,OPERATIONAL,restaurant,restaurant sandwich_shop fast_food_restaurant snack_bar meal_takeaway food point_of_interest establishment,https://maps.google.com/?cid=11163669525539954190&g_mp=Cidnb29nbGUubWFwcy5wbGFjZXMudjEuUGxhY2VzLlNlYXJjaFRleHQQAhgEIAA
Mangiare Pizzaria,"R. Guaíra, 1850 - Jardim Iririú, Joinville - SC, 89225-303",,(47) 99772-6104,sim,,4.4,7,OPERATIONAL,pizza_restaurant,pizza_restaurant restaurant food point_of_interest establishment,https://maps.google.com/?cid=8367687545122672132&g_mp=Cidnb29nbGUubWFwcy5wbGFjZXMudjEuUGxhY2VzLlNlYXJjaFRleHQQAhgEIAA
Maria Pizzas Joinville,"R. Alferes Schmidt, 318 - Comasa, Joinville - SC, 89228-300",https://pedido.anota.ai/loja/mariapizzasjlle,(47) 99669-5684,sim,,5,41,OPERATIONAL,pizza_restaurant,pizza_restaurant pizza_delivery meal_delivery food_delivery meal_takeaway restaurant food point_of_interest establishment,https://maps.google.com/?cid=10166366828324997931&g_mp=Cidnb29nbGUubWFwcy5wbGFjZXMudjEuUGxhY2VzLlNlYXJjaFRleHQQAhgEIAA
Marmibox Restaurante e Pizzaria,"R. Santa Catarina, 2666 - Floresta, Joinville - SC, 89211-301",https://pedir.delivery/app/restauranteepizzariamarmibox/menu,(47) 3025-3223,sim,sim,4.3,188,OPERATIONAL,restaurant,restaurant food point_of_interest establishment,https://maps.google.com/?cid=11499099469471855684&g_mp=Cidnb29nbGUubWFwcy5wbGFjZXMudjEuUGxhY2VzLlNlYXJjaFRleHQQAhgEIAA
MARVEL Pizzaria e Restaurante,"R. Florianópolis, 2694 - Guanabara, Joinville - SC, 89210-607",,,,,,,OPERATIONAL,restaurant,restaurant food point_of_interest establishment,https://maps.google.com/?cid=3662037665181206103&g_mp=Cidnb29nbGUubWFwcy5wbGFjZXMudjEuUGxhY2VzLlNlYXJjaFRleHQQAhgEIAA
MARVEL RESTAURANTE E PIZZARIA,"Estr. Timbé, 7745 - Jardim Paraíso, Joinville - SC, 89240-000",,,,,,,OPERATIONAL,restaurant,restaurant food point_of_interest establishment,https://maps.google.com/?cid=2117418838183044243&g_mp=Cidnb29nbGUubWFwcy5wbGFjZXMudjEuUGxhY2VzLlNlYXJjaFRleHQQAhgEIAA
Mascarello Pizzaria Paranaguamirim,"Av. Kurt Meinert, 1170 - Paranaguamirim, Joinville - SC, 89234-010",https://pedir.delivery/app/mascarelloparanaguamirim/menu,(47) 99776-3819,sim,sim,4.7,64,OPERATIONAL,pizza_restaurant,pizza_restaurant restaurant food point_of_interest establishment,https://maps.google.com/?cid=16053475525025089770&g_mp=Cidnb29nbGUubWFwcy5wbGFjZXMudjEuUGxhY2VzLlNlYXJjaFRleHQQAhgEIAA
Massa Fina Pizzaria,"R. Gothard Kaesemodel, 518 - Anita Garibaldi, Joinville - SC, 89203-522",http://www.massafinapizzaria.com.br/,(47) 3202-4464,sim,sim,4.5,454,OPERATIONAL,pizza_restaurant,pizza_restaurant restaurant food point_of_interest establishment,https://maps.google.com/?cid=18237023971772975278&g_mp=Cidnb29nbGUubWFwcy5wbGFjZXMudjEuUGxhY2VzLlNlYXJjaFRleHQQAhgEIAA
Massas Capelle Ltda,"Rua José Rafael Reinert, 661 - Nova Brasília, Joinville - SC, 89213-136",http://www.massascapelle.com.br/,(47) 3426-0058,,,4.6,79,OPERATIONAL,manufacturer,manufacturer food point_of_interest establishment,https://maps.google.com/?cid=5277036004358630244&g_mp=Cidnb29nbGUubWFwcy5wbGFjZXMudjEuUGxhY2VzLlNlYXJjaFRleHQQAhgEIAA
Master Pizza,"R. Fátima, 1030 - Fátima, Joinville - SC, 89229-101",,(47) 3801-1003,sim,sim,4.2,15,OPERATIONAL,pizza_restaurant,pizza_restaurant restaurant food point_of_interest establishment,https://maps.google.com/?cid=6748659017969175799&g_mp=Cidnb29nbGUubWFwcy5wbGFjZXMudjEuUGxhY2VzLlNlYXJjaFRleHQQAhgEIAA
Max Moppi,"Rodovia SC 418 Km 05, 5743 - Pirabeiraba, Joinville - SC, 89239-400",http://www.maxmoppi.com.br/,(47) 3428-0062,,sim,4.6,8399,OPERATIONAL,brazilian_restaurant,brazilian_restaurant restaurant food point_of_interest establishment,https://maps.google.com/?cid=5779679803088073806&g_mp=Cidnb29nbGUubWFwcy5wbGFjZXMudjEuUGxhY2VzLlNlYXJjaFRleHQQAhgEIAA
Max Pizza Massas,"R. Albano Schmidt, 5301 - Iririú, Joinville - SC, 89227-701",,,sim,,,,OPERATIONAL,restaurant,restaurant food point_of_interest establishment,https://maps.google.com/?cid=3768742092829775876&g_mp=Cidnb29nbGUubWFwcy5wbGFjZXMudjEuUGxhY2VzLlNlYXJjaFRleHQQAhgEIAA
Max Pizzas Aventureiro,"R. Tuiuti, 2144 - Aventureiro, Joinville - SC, 89226-000",http://pedir.delivery/maxpizzas_aventureiro,(47) 3801-2005,sim,sim,4.6,199,OPERATIONAL,pizza_restaurant,pizza_restaurant restaurant food point_of_interest establishment,https://maps.google.com/?cid=4431674267003747495&g_mp=Cidnb29nbGUubWFwcy5wbGFjZXMudjEuUGxhY2VzLlNlYXJjaFRleHQQAhgEIAA
Max Pizzas Centro,"R. Max Colin, 109 - Centro, Joinville - SC, 89201-215",https://pedir.delivery/app/maxpizzas/menu,(47) 3801-2007,sim,,4.9,30,OPERATIONAL,pizza_delivery,pizza_delivery meal_delivery food_delivery food point_of_interest establishment,https://maps.google.com/?cid=14592327426525546391&g_mp=Cidnb29nbGUubWFwcy5wbGFjZXMudjEuUGxhY2VzLlNlYXJjaFRleHQQAhgEIAA
Max Pizzas Costa e Silva,"R. Guilherme, 1555 - Costa e Silva, Joinville - SC, 89219-200",https://pedir.delivery/app/maxpizza/menu,(47) 3801-2002,sim,sim,4.5,250,OPERATIONAL,pizza_restaurant,pizza_restaurant pizza_delivery meal_delivery food_delivery restaurant food point_of_interest establishment,https://maps.google.com/?cid=15721247571641432100&g_mp=Cidnb29nbGUubWFwcy5wbGFjZXMudjEuUGxhY2VzLlNlYXJjaFRleHQQAhgEIAA
Max Pizzas Floresta,"R. Santa Catarina, 1633 - Floresta, Joinville - SC, 89211-305",https://linktr.ee/maxpizzas,(47) 3801-2006,sim,sim,4.8,103,OPERATIONAL,pizza_delivery,pizza_delivery meal_delivery food_delivery food point_of_interest establishment,https://maps.google.com/?cid=14391536540766386085&g_mp=Cidnb29nbGUubWFwcy5wbGFjZXMudjEuUGxhY2VzLlNlYXJjaFRleHQQAhgEIAA
Max Pizzas Vila Nova,"R. XV de Novembro, 6947 - Vila Nova, Joinville - SC, 89201-601",https://pedir.delivery/app/maxpizzasvilanova/menu,(47) 3801-2505,sim,sim,3.6,32,OPERATIONAL,pizza_restaurant,pizza_restaurant restaurant food point_of_interest establishment,https://maps.google.com/?cid=10936842972498972310&g_mp=Cidnb29nbGUubWFwcy5wbGFjZXMudjEuUGxhY2VzLlNlYXJjaFRleHQQAhgEIAA
MAXIOLLO EVENTOS,"R. Dionísio Cerqueira, 339 - Saguaçu, Joinville - SC, 89221-160",http://www.maxiollo.com.br/,(47) 99917-0481,sim,sim,4.9,230,OPERATIONAL,service,pizza_restaurant restaurant food point_of_interest service establishment,https://maps.google.com/?cid=1706405562378716925&g_mp=Cidnb29nbGUubWFwcy5wbGFjZXMudjEuUGxhY2VzLlNlYXJjaFRleHQQAhgEIAA
Mega Lanches Anaburgo,"R. Anaburgo, 2061 - a 2075 - Vila Nova, Joinville - SC, 89219-630",,(47) 3439-1122,sim,sim,4.7,16,OPERATIONAL,snack_bar,snack_bar meal_takeaway restaurant food point_of_interest establishment,https://maps.google.com/?cid=8192007923886229433&g_mp=Cidnb29nbGUubWFwcy5wbGFjZXMudjEuUGxhY2VzLlNlYXJjaFRleHQQAhgEIAA
Mega Rodízio Papadelli,"R. Tuiuti, 1270 - Iririú, Joinville - SC, 89227-473",,(47) 99608-6466,sim,sim,4.3,3559,OPERATIONAL,pizza_restaurant,pizza_restaurant buffet_restaurant restaurant food point_of_interest establishment,https://maps.google.com/?cid=9859577622491537381&g_mp=Cidnb29nbGUubWFwcy5wbGFjZXMudjEuUGxhY2VzLlNlYXJjaFRleHQQAhgEIAA
Menu box joinville,"R. Benedito Novo, 169 - Itaum, Joinville - SC, 89210-430",https://www.instagram.com/menubox.joinville/,(47) 98459-7712,sim,sim,5,4,OPERATIONAL,italian_restaurant,italian_restaurant european_restaurant restaurant food point_of_interest establishment,https://maps.google.com/?cid=6415936637844040498&g_mp=Cidnb29nbGUubWFwcy5wbGFjZXMudjEuUGxhY2VzLlNlYXJjaFRleHQQAhgEIAA
Mercado Pizzi,"R. João Ebert, 1320 - Boa Vista, Joinville - SC, 89228-201",,(47) 3434-2088,sim,,4.3,172,OPERATIONAL,supermarket,supermarket grocery_store food_store store food point_of_interest establishment,https://maps.google.com/?cid=4515199637654206918&g_mp=Cidnb29nbGUubWFwcy5wbGFjZXMudjEuUGxhY2VzLlNlYXJjaFRleHQQAhgEIAA
Mery Pizza Delivery,"R. Jovelina Peróla Negra, 42 - João Costa, Joinville - SC, 89230-298",,(47) 3227-0503,sim,sim,4.7,546,OPERATIONAL,pizza_restaurant,pizza_restaurant italian_restaurant european_restaurant restaurant food point_of_interest establishment,https://maps.google.com/?cid=1931087214736204702&g_mp=Cidnb29nbGUubWFwcy5wbGFjZXMudjEuUGxhY2VzLlNlYXJjaFRleHQQAhgEIAA
Mestre Gourmet,"R. Tuiuti, 1402 - Aventureiro, Joinville - SC, 89226-000",https://cardapei.com.br/mestregourmet,(47) 98428-2502,sim,,5,38,OPERATIONAL,snack_bar,snack_bar meal_takeaway restaurant food point_of_interest establishment,https://maps.google.com/?cid=11933793851811198916&g_mp=Cidnb29nbGUubWFwcy5wbGFjZXMudjEuUGxhY2VzLlNlYXJjaFRleHQQAhgEIAA
Miami Chicken Frango no Balde | Glória,"R. Pres. Campos Salles, 199 - Glória, Joinville - SC, 89217-100",https://www.sds.app.br/miamichicken,(47) 3801-1041,sim,sim,4.3,339,OPERATIONAL,chicken_restaurant,chicken_restaurant fast_food_restaurant restaurant food point_of_interest establishment,https://maps.google.com/?cid=6796550566817967398&g_mp=Cidnb29nbGUubWFwcy5wbGFjZXMudjEuUGxhY2VzLlNlYXJjaFRleHQQAhgEIAA
Mila Lanches,"R. Pte. Serrada, 1168 - Comasa, Joinville - SC, 89228-271",,(47) 98469-7110,sim,sim,4.7,21,OPERATIONAL,restaurant,restaurant food point_of_interest establishment,https://maps.google.com/?cid=15278299352339007607&g_mp=Cidnb29nbGUubWFwcy5wbGFjZXMudjEuUGxhY2VzLlNlYXJjaFRleHQQAhgEIAA
Mini Kalzone | Unisociesc Joinville,"Rua Gothard Kaesemodel - Campus Anita Garibaldi, n° 833 - Anita Garibaldi, Joinville - SC, 89203-400",http://minikalzone.com.br/,(47) 99782-5049,sim,sim,4.6,27,OPERATIONAL,restaurant,restaurant acai_shop brazilian_restaurant snack_bar fast_food_restaurant juice_shop meal_takeaway food point_of_interest establishment,https://maps.google.com/?cid=6436793580080768402&g_mp=Cidnb29nbGUubWFwcy5wbGFjZXMudjEuUGxhY2VzLlNlYXJjaFRleHQQAhgEIAA
Mini Pizzas DALANHOL,"Av. Júpiter, 698 - Jardim Paraíso, Joinville - SC, 89226-600",,(47) 99224-9755,sim,sim,2.9,11,OPERATIONAL,pizza_restaurant,pizza_restaurant restaurant food point_of_interest establishment,https://maps.google.com/?cid=7528747931694176352&g_mp=Cidnb29nbGUubWFwcy5wbGFjZXMudjEuUGxhY2VzLlNlYXJjaFRleHQQAhgEIAA
Ministro Búrguer | Hamburgueria em Joinville,"R. Min. Calógeras, 505 - Bucarein, Joinville - SC, 89202-207",https://pedir.delivery/app/ministroburguer/menu,(47) 3207-2290,sim,sim,4.5,839,OPERATIONAL,hamburger_restaurant,hamburger_restaurant american_restaurant restaurant food point_of_interest establishment,https://maps.google.com/?cid=11933575116582786431&g_mp=Cidnb29nbGUubWFwcy5wbGFjZXMudjEuUGxhY2VzLlNlYXJjaFRleHQQAhgEIAA
Miros Panificadora e Confeitaria,"R. Anita Garibaldi, 2100 - Anita Garibaldi, Joinville - SC, 89203-301",https://www.instagram.com/panificadoradonahelena/,(47) 3455-3500,sim,sim,4.6,1450,OPERATIONAL,bakery,bakery breakfast_restaurant cake_shop dessert_shop manufacturer confectionery food_store wholesaler store restaurant food point_of_interest service establishment,https://maps.google.com/?cid=16558768250790699993&g_mp=Cidnb29nbGUubWFwcy5wbGFjZXMudjEuUGxhY2VzLlNlYXJjaFRleHQQAhgEIAA
Mister Búrguer,"Mister burguer - R. Florianópolis, 2577 - Guanabara, Joinville - SC, 89207-462",,(47) 99121-1930,sim,sim,4.6,184,OPERATIONAL,snack_bar,snack_bar meal_takeaway restaurant food point_of_interest establishment,https://maps.google.com/?cid=17940464517662942328&g_mp=Cidnb29nbGUubWFwcy5wbGFjZXMudjEuUGxhY2VzLlNlYXJjaFRleHQQAhgEIAA
Mozzafiatto Pizzaria,"R. Blumenau, 2243 - América, Joinville - SC, 89204-413",https://pedir.delivery/app/mozzafiatto/menu,(47) 3467-3467,sim,sim,4.6,484,OPERATIONAL,pizza_restaurant,pizza_restaurant hamburger_restaurant american_restaurant restaurant food point_of_interest establishment,https://maps.google.com/?cid=469329324951157458&g_mp=Cidnb29nbGUubWFwcy5wbGFjZXMudjEuUGxhY2VzLlNlYXJjaFRleHQQAhgEIAA
Multipedidos,"R. Tuiuti, 2295 - Aventureiro, Joinville - SC, 89227-473",https://multipedidos.com.br/?utm_source=google&utm_medium=organic&utm_campaign=perfil&utm_term=institucional&utm_content=google_meu_negocio,(47) 99954-8215,,,4.8,460,OPERATIONAL,service,point_of_interest service establishment,https://maps.google.com/?cid=9618935345652683683&g_mp=Cidnb29nbGUubWFwcy5wbGFjZXMudjEuUGxhY2VzLlNlYXJjaFRleHQQAhgEIAA
My Pizza Eventos,"R. Dep. Lauro Carneiro de Loyola, 160 - Comasa, Joinville - SC, 89227-250",https://www.instagram.com/mypizzaeventos/,(47) 99906-9853,,,4.9,16,OPERATIONAL,,pizza_restaurant restaurant food point_of_interest establishment,https://maps.google.com/?cid=431613872547257745&g_mp=Cidnb29nbGUubWFwcy5wbGFjZXMudjEuUGxhY2VzLlNlYXJjaFRleHQQAhgEIAA
Márcio Joel Fernandes Fermino,"R. Pref. Baltasar Buschle, 253 - Comasa, Joinville - SC, 89228-000",,(47) 3434-5459,sim,sim,4.8,5,OPERATIONAL,restaurant,restaurant food point_of_interest establishment,https://maps.google.com/?cid=12195149997776664141&g_mp=Cidnb29nbGUubWFwcy5wbGFjZXMudjEuUGxhY2VzLlNlYXJjaFRleHQQAhgEIAA
Na Brasa Espetinhos,"R. Fátima, 886 - Fátima, Joinville - SC, 89229-101",,(47) 99662-4516,sim,sim,4.8,276,OPERATIONAL,fast_food_restaurant,fast_food_restaurant kebab_shop restaurant food point_of_interest establishment,https://maps.google.com/?cid=1607192255607398593&g_mp=Cidnb29nbGUubWFwcy5wbGFjZXMudjEuUGxhY2VzLlNlYXJjaFRleHQQAhgEIAA
Na Brasa Hamburgueria e Casa de Assados,"R. Ten. Antônio João, 1744 - Bom Retiro, Joinville - SC, 89223-100",https://nabrasa.pedymais.com.br/,(47) 99704-5412,sim,sim,4.9,110,OPERATIONAL,meal_takeaway,meal_takeaway hamburger_restaurant american_restaurant restaurant food point_of_interest establishment,https://maps.google.com/?cid=13165853725234161003&g_mp=Cidnb29nbGUubWFwcy5wbGFjZXMudjEuUGxhY2VzLlNlYXJjaFRleHQQAhgEIAA
Naval Pastelaria e Pizzaria,"R. Boehmerwald, 3086 - Parque Guarani, Joinville - SC, 89209-680",,(47) 99657-5978,,,,,OPERATIONAL,brazilian_restaurant,brazilian_restaurant restaurant food point_of_interest establishment,https://maps.google.com/?cid=8646248967055950690&g_mp=Cidnb29nbGUubWFwcy5wbGFjZXMudjEuUGxhY2VzLlNlYXJjaFRleHQQAhgEIAA
NIKPIZZA ARTESANAL,"R. Dilma Virgilina Garcia, 1416 - Aventureiro, Joinville - SC, 89225-800",,(47) 99183-6817,sim,,,,OPERATIONAL,pizza_delivery,pizza_delivery meal_delivery food_delivery food point_of_interest establishment,https://maps.google.com/?cid=13046967543916489196&g_mp=Cidnb29nbGUubWFwcy5wbGFjZXMudjEuUGxhY2VzLlNlYXJjaFRleHQQAhgEIAA
Norte Pizzas,"Av. Santos Dumont, 1927 - Bom Retiro, Joinville - SC, 89223-002",http://nortepizzas.blogspot.com.br/?m=1,(47) 3467-0359,sim,sim,4,474,OPERATIONAL,pizza_delivery,pizza_delivery pizza_restaurant meal_delivery food_delivery restaurant food point_of_interest establishment,https://maps.google.com/?cid=15676526195474256332&g_mp=Cidnb29nbGUubWFwcy5wbGFjZXMudjEuUGxhY2VzLlNlYXJjaFRleHQQAhgEIAA
NORTE SABOR,"R. Ver. Conrado de Mira, 160 - Costa e Silva, Joinville - SC, 89218-430",https://www.nortesabor.com.br/,(47) 99696-4650,sim,sim,4.3,4,OPERATIONAL,snack_bar,snack_bar kebab_shop brazilian_restaurant meal_takeaway restaurant food point_of_interest establishment,https://maps.google.com/?cid=8999565674335581734&g_mp=Cidnb29nbGUubWFwcy5wbGFjZXMudjEuUGxhY2VzLlNlYXJjaFRleHQQAhgEIAA
NOSSA Lanchonete,"R. Pref. Baltasar Buschle, 2570 - Espinheiros, Joinville - SC, 89228-800",,(47) 98856-2613,sim,sim,4.9,127,OPERATIONAL,snack_bar,snack_bar meal_takeaway restaurant food point_of_interest establishment,https://maps.google.com/?cid=16013716586912257050&g_mp=Cidnb29nbGUubWFwcy5wbGFjZXMudjEuUGxhY2VzLlNlYXJjaFRleHQQAhgEIAA
O Forno Churrascaria Joinville - Glória,"R. Marquês de Olinda, 3340 - Glória, Joinville - SC, 89218-250",,(47) 99950-6442,sim,,4.8,109,OPERATIONAL,barbecue_restaurant,barbecue_restaurant buffet_restaurant restaurant food point_of_interest establishment,https://maps.google.com/?cid=17666483243767233382&g_mp=Cidnb29nbGUubWFwcy5wbGFjZXMudjEuUGxhY2VzLlNlYXJjaFRleHQQAhgEIAA
O Forno Churrascaria Joinville - Itinga,"R. Waldemiro José Borges, 3840 - Itinga, Joinville - SC, 89233-675",https://www.instagram.com/ofornojoinville?igsh=bzRyN2R0dzR1Y2xx,(47) 99236-7928,sim,sim,4.7,519,OPERATIONAL,barbecue_restaurant,barbecue_restaurant buffet_restaurant restaurant food point_of_interest establishment,https://maps.google.com/?cid=3138845103340687063&g_mp=Cidnb29nbGUubWFwcy5wbGFjZXMudjEuUGxhY2VzLlNlYXJjaFRleHQQAhgEIAA
O Fornão,"R. Evaristo da Veiga, 451 - Glória, Joinville - SC, 89216-215",http://www.ofornao.com.br/,(47) 3227-3678,sim,sim,4.6,4478,OPERATIONAL,pizza_restaurant,pizza_restaurant seafood_restaurant italian_restaurant european_restaurant restaurant food point_of_interest establishment,https://maps.google.com/?cid=2102171988755638307&g_mp=Cidnb29nbGUubWFwcy5wbGFjZXMudjEuUGxhY2VzLlNlYXJjaFRleHQQAhgEIAA
O Fornão Delivery,"R. Ten. Antônio João, 230 - Saguaçu, Joinville - SC, 89221-543",https://pedir.delivery/app/ofornao/menu,(47) 3422-7475,sim,sim,4.5,45,OPERATIONAL,pizza_delivery,pizza_delivery meal_delivery food_delivery food point_of_interest establishment,https://maps.google.com/?cid=168443937035735433&g_mp=Cidnb29nbGUubWFwcy5wbGFjZXMudjEuUGxhY2VzLlNlYXJjaFRleHQQAhgEIAA
O Guará Baía Babitonga,"Estr. Eng. João de Souza Mello e Alvim - Vigorelli, Joinville - SC, 89226-831",https://instagram.com/o.guara.cozinha?utm_medium=copy_link,(47) 98879-8392,sim,sim,4.4,147,OPERATIONAL,restaurant,restaurant food point_of_interest establishment,https://maps.google.com/?cid=8858627648455726871&g_mp=Cidnb29nbGUubWFwcy5wbGFjZXMudjEuUGxhY2VzLlNlYXJjaFRleHQQAhgEIAA
Oficina das Pizzas,"R. Alfredo Marquardt, 73 - Saguaçu, Joinville - SC, 89221-290",http://www.oficinadaspizzas.com.br/,(47) 3422-5666,sim,sim,4.4,2270,OPERATIONAL,pizza_restaurant,pizza_restaurant fast_food_restaurant meal_delivery food_delivery meal_takeaway restaurant food point_of_interest establishment,https://maps.google.com/?cid=8710344872281565456&g_mp=Cidnb29nbGUubWFwcy5wbGFjZXMudjEuUGxhY2VzLlNlYXJjaFRleHQQAhgEIAA
Oki Lanchonete e Restaurante,"R. Jarivatuba, 1503 - Jarivatuba, Joinville - SC, 89230-400",https://pedir.delivery/oki,(47) 99914-0331,sim,sim,4.5,735,OPERATIONAL,snack_bar,snack_bar meal_takeaway restaurant food point_of_interest establishment,https://maps.google.com/?cid=10042183168775098084&g_mp=Cidnb29nbGUubWFwcy5wbGFjZXMudjEuUGxhY2VzLlNlYXJjaFRleHQQAhgEIAA
Opa Bier Santos Dumont,"Av. Santos Dumont, 1790 - Bom Retiro, Joinville - SC, 89223-003",https://www.instagram.com/garagemopasantosdumont/,(47) 3511-6232,não,sim,4.7,711,OPERATIONAL,restaurant,restaurant food point_of_interest establishment,https://maps.google.com/?cid=7898953626295739212&g_mp=Cidnb29nbGUubWFwcy5wbGFjZXMudjEuUGxhY2VzLlNlYXJjaFRleHQQAhgEIAA
Palácio das Pizzas,"Rua Marechal Luz, 827 - Fátima, Joinville - SC, 89229-120",https://pedir.delivery/palaciodaspizzas,(47) 3013-0731,sim,sim,4.8,878,OPERATIONAL,pizza_restaurant,pizza_restaurant fast_food_restaurant restaurant food point_of_interest establishment,https://maps.google.com/?cid=4996336913932227310&g_mp=Cidnb29nbGUubWFwcy5wbGFjZXMudjEuUGxhY2VzLlNlYXJjaFRleHQQAhgEIAA
Palácio Pizzaria,"Rua Otto Pfuetzenreuter, 320 - Costa e Silva, Joinville - SC, 89210-200",https://instagram.com/_palacio_pizzaria_?igshid=YmMyMTA2M2Y=,(47) 99726-5225,sim,sim,4.5,950,OPERATIONAL,pizza_restaurant,pizza_restaurant restaurant food point_of_interest establishment,https://maps.google.com/?cid=11647117440266586750&g_mp=Cidnb29nbGUubWFwcy5wbGFjZXMudjEuUGxhY2VzLlNlYXJjaFRleHQQAhgEIAA
Palácio Sushi House,"Rua Otto Pfuetzenreuter, 379 - Costa e Silva, Joinville - SC, 89219-200",http://instagram.com/palaciosushihouse,(47) 99930-9643,sim,sim,4.4,1066,OPERATIONAL,japanese_restaurant,japanese_restaurant restaurant food point_of_interest establishment,https://maps.google.com/?cid=12963275779907565976&g_mp=Cidnb29nbGUubWFwcy5wbGFjZXMudjEuUGxhY2VzLlNlYXJjaFRleHQQAhgEIAA
Panificadora & Confeitaria Barbi,"R. Voluntários da Pátria, 584 - Itaum, Joinville - SC, 89210-095",,(47) 3436-3545,não,sim,4.3,1560,OPERATIONAL,bakery,bakery food_store store food point_of_interest establishment,https://maps.google.com/?cid=5100383633673394563&g_mp=Cidnb29nbGUubWFwcy5wbGFjZXMudjEuUGxhY2VzLlNlYXJjaFRleHQQAhgEIAA
Panificadora & Confeitaria Kelly,"R. Santa Catarina, 4026 - Santa Catarina, Joinville - SC, 89233-000",,(47) 3465-2846,sim,sim,4.4,373,OPERATIONAL,bakery,bakery pastry_shop breakfast_restaurant dessert_shop confectionery food_store store restaurant food point_of_interest establishment,https://maps.google.com/?cid=13070807265428114799&g_mp=Cidnb29nbGUubWFwcy5wbGFjZXMudjEuUGxhY2VzLlNlYXJjaFRleHQQAhgEIAA
Panificadora & Confeitaria Premium,"R. Florianópolis, 2130 - Itaum, Joinville - SC, 89210-795",https://linktr.ee/panificadorapremium,(47) 98875-2800,sim,sim,4.5,394,OPERATIONAL,bakery,bakery diner market coffee_shop cafe meal_delivery food_delivery confectionery food_store store restaurant food point_of_interest establishment,https://maps.google.com/?cid=6223513233364715089&g_mp=Cidnb29nbGUubWFwcy5wbGFjZXMudjEuUGxhY2VzLlNlYXJjaFRleHQQAhgEIAA
Panificadora Anita,"R. Anita Garibaldi, 770 - Anita Garibaldi, Joinville - SC, 89203-300",http://wa.me/5547988347916,(47) 3455-1818,sim,sim,4.5,5147,OPERATIONAL,bakery,bakery breakfast_restaurant buffet_restaurant food_store store restaurant food point_of_interest establishment,https://maps.google.com/?cid=4303471423065121519&g_mp=Cidnb29nbGUubWFwcy5wbGFjZXMudjEuUGxhY2VzLlNlYXJjaFRleHQQAhgEIAA
Panificadora da Vila,"R. Guilherme, 1405 - Costa e Silva, Joinville - SC, 89218-501",http://www.panificadoradavila2.com.br/,(47) 3435-5544,sim,sim,4.5,4572,OPERATIONAL,bakery,bakery breakfast_restaurant food_store store restaurant food point_of_interest establishment,https://maps.google.com/?cid=5878611256299476503&g_mp=Cidnb29nbGUubWFwcy5wbGFjZXMudjEuUGxhY2VzLlNlYXJjaFRleHQQAhgEIAA
Panificadora e Confeitaria Porto Rico - Unidade 1,"R. Porto Rico, 664 - Floresta, Joinville - SC, 89212-500",http://www.panificadoraportorico.com.br/,(47) 93387-9133,sim,sim,4.3,919,OPERATIONAL,bakery,bakery pastry_shop dessert_shop confectionery food_store store food point_of_interest establishment,https://maps.google.com/?cid=2046269884909076956&g_mp=Cidnb29nbGUubWFwcy5wbGFjZXMudjEuUGxhY2VzLlNlYXJjaFRleHQQAhgEIAA
Panificadora e Confeitaria Primas,"R. Boehmerwald, 750 - Boehmerwald, Joinville - SC, 89232-485",,(47) 3465-0325,sim,sim,4.5,1053,OPERATIONAL,bakery,bakery food_store store food point_of_interest establishment,https://maps.google.com/?cid=14429833084104852503&g_mp=Cidnb29nbGUubWFwcy5wbGFjZXMudjEuUGxhY2VzLlNlYXJjaFRleHQQAhgEIAA
Panificadora Larissa,"R. Fátima, 1053 - Fátima, Joinville - SC, 89229-101",,(47) 3043-6205,,sim,4.6,1442,OPERATIONAL,bakery,bakery dessert_restaurant food_store store restaurant food point_of_interest establishment,https://maps.google.com/?cid=5365809250892191049&g_mp=Cidnb29nbGUubWFwcy5wbGFjZXMudjEuUGxhY2VzLlNlYXJjaFRleHQQAhgEIAA
Papadelli Delivery,"R. Florianópolis, 1179 - Guanabara, Joinville - SC, 89207-407",https://pedir.delivery/papadellidelivery,(47) 99761-0994,sim,,4.3,135,OPERATIONAL,meal_delivery,meal_delivery pizza_restaurant pizza_delivery food_delivery meal_takeaway restaurant food point_of_interest establishment,https://maps.google.com/?cid=5845240026405445259&g_mp=Cidnb29nbGUubWFwcy5wbGFjZXMudjEuUGxhY2VzLlNlYXJjaFRleHQQAhgEIAA
Papparella Trattoria e Pizzaria Joinville,"R. Otto Boehm, 954 - Glória, Joinville - SC, 89216-284",https://papparellapizzaria.com.br/,(47) 99927-8600,sim,sim,4.7,1122,OPERATIONAL,italian_restaurant,italian_restaurant pizza_restaurant european_restaurant restaurant food point_of_interest establishment,https://maps.google.com/?cid=14390465305163056476&g_mp=Cidnb29nbGUubWFwcy5wbGFjZXMudjEuUGxhY2VzLlNlYXJjaFRleHQQAhgEIAA
Parco Pizzaria,"R. Max Colin, 1589 - Sl 02 - América, Joinville - SC, 89204-040",,(47) 99165-6030,sim,sim,3,2,OPERATIONAL,restaurant,restaurant food point_of_interest establishment,https://maps.google.com/?cid=14372867842095201496&g_mp=Cidnb29nbGUubWFwcy5wbGFjZXMudjEuUGxhY2VzLlNlYXJjaFRleHQQAhgEIAA
Park Guaíra | Chop e Cozinha,"R. Guaíra, 1850 - Jardim Iririú, Joinville - SC, 89224-010",https://instagram.com/parkguairachoperia?igshid=YmMyMTA2M2Y=,(47) 99221-9746,,sim,4.6,602,OPERATIONAL,cocktail_bar,cocktail_bar hamburger_restaurant bar pizza_restaurant live_music_venue spanish_restaurant event_venue american_restaurant european_restaurant restaurant food point_of_interest establishment,https://maps.google.com/?cid=16284050583373583382&g_mp=Cidnb29nbGUubWFwcy5wbGFjZXMudjEuUGxhY2VzLlNlYXJjaFRleHQQAhgEIAA
Park Lanches,"R. Boehmerwald, 3086 - Parque Guarani, Joinville - SC, 89209-680",,(47) 99657-5978,sim,sim,4.3,514,OPERATIONAL,snack_bar,snack_bar fast_food_restaurant meal_takeaway restaurant food point_of_interest establishment,https://maps.google.com/?cid=9203537512694583884&g_mp=Cidnb29nbGUubWFwcy5wbGFjZXMudjEuUGxhY2VzLlNlYXJjaFRleHQQAhgEIAA
Pasta di Mundi,"R. Dona Francisca, 4423 - Santo Antônio, Joinville - SC, 89218-111",https://instagram.com/pasta_di_mundi?igshid=MXJrNWpmeXl2ZzA5Zg==,(47) 99727-2310,sim,sim,,,OPERATIONAL,brazilian_restaurant,brazilian_restaurant restaurant food point_of_interest establishment,https://maps.google.com/?cid=12243052088530091649&g_mp=Cidnb29nbGUubWFwcy5wbGFjZXMudjEuUGxhY2VzLlNlYXJjaFRleHQQAhgEIAA
Pastamore Massas,"Shopping Mueller Joinville - Centro, Joinville - SC, 89201-420",https://www.instagram.com/pastamoremassas,(47) 99191-8091,,sim,4.5,92,OPERATIONAL,italian_restaurant,italian_restaurant european_restaurant restaurant food point_of_interest establishment,https://maps.google.com/?cid=18075031862370769145&g_mp=Cidnb29nbGUubWFwcy5wbGFjZXMudjEuUGxhY2VzLlNlYXJjaFRleHQQAhgEIAA
Pastel da Dona Deliverys,"R. José do Patrocínio, 160 - Saguaçu, Joinville - SC, 89221-140",https://instagram.com/pastelda_dona?igshid=16hpuyhkz24h0,,sim,,5,1,OPERATIONAL,meal_delivery,meal_delivery food_delivery food point_of_interest establishment,https://maps.google.com/?cid=7768423826564310826&g_mp=Cidnb29nbGUubWFwcy5wbGFjZXMudjEuUGxhY2VzLlNlYXJjaFRleHQQAhgEIAA
PASTEL DA LORENA BEER & FOOD,"Rua: São João, 188 - Floresta, Joinville - SC, 89212-120",https://pedido.brendi.com.br/pastel-da-lorena,(47) 99962-9561,sim,sim,4.5,211,OPERATIONAL,snack_bar,snack_bar brazilian_restaurant bar meal_takeaway restaurant food point_of_interest establishment,https://maps.google.com/?cid=9934861325976588524&g_mp=Cidnb29nbGUubWFwcy5wbGFjZXMudjEuUGxhY2VzLlNlYXJjaFRleHQQAhgEIAA
Paulinho Lanches,"R. Tuiuti, 2847 - Aventureiro, Joinville - SC, 89226-001",,(47) 99144-8272,sim,sim,4.5,694,OPERATIONAL,snack_bar,snack_bar diner fast_food_restaurant meal_takeaway restaurant food point_of_interest establishment,https://maps.google.com/?cid=11608215765805374143&g_mp=Cidnb29nbGUubWFwcy5wbGFjZXMudjEuUGxhY2VzLlNlYXJjaFRleHQQAhgEIAA
Pavão Lanchonete e Pizzaria,"R. 9 de Março, 585 - Centro, Joinville - SC, 89201-400",,(47) 3433-9285,sim,sim,4.3,49,OPERATIONAL,snack_bar,snack_bar bar_and_grill brazilian_restaurant bar juice_shop meal_takeaway restaurant food point_of_interest establishment,https://maps.google.com/?cid=10833368588398819671&g_mp=Cidnb29nbGUubWFwcy5wbGFjZXMudjEuUGxhY2VzLlNlYXJjaFRleHQQAhgEIAA
Pesque Pague Zoller,"Estrada do Salto I - Vila Nova, Joinville - SC, 89200-000",,(47) 99217-6736,não,sim,4.7,318,OPERATIONAL,snack_bar,snack_bar meal_takeaway restaurant food point_of_interest establishment,https://maps.google.com/?cid=4672529919121502060&g_mp=Cidnb29nbGUubWFwcy5wbGFjZXMudjEuUGxhY2VzLlNlYXJjaFRleHQQAhgEIAA
Petisqueira Barcarolo,"R. Papa João Paulo I, 227 - Jardim Iririú, Joinville - SC, 89224-400",,,sim,,4.4,32,OPERATIONAL,bar,bar point_of_interest establishment,https://maps.google.com/?cid=15508150394465557772&g_mp=Cidnb29nbGUubWFwcy5wbGFjZXMudjEuUGxhY2VzLlNlYXJjaFRleHQQAhgEIAA
Petisqueira Chicão,"R. Iguaçu, 298 - Santo Antônio, Joinville - SC, 89218-180",,(47) 3425-2506,sim,sim,4.6,258,OPERATIONAL,brazilian_restaurant,brazilian_restaurant restaurant food point_of_interest establishment,https://maps.google.com/?cid=16909248784535118441&g_mp=Cidnb29nbGUubWFwcy5wbGFjZXMudjEuUGxhY2VzLlNlYXJjaFRleHQQAhgEIAA
Petisqueira do Evaristo,"R. Valença - Guanabara, Joinville - SC, 89207-320",,(47) 3426-0102,sim,sim,4.7,603,OPERATIONAL,seafood_restaurant,seafood_restaurant restaurant food point_of_interest establishment,https://maps.google.com/?cid=13071571600567538617&g_mp=Cidnb29nbGUubWFwcy5wbGFjZXMudjEuUGxhY2VzLlNlYXJjaFRleHQQAhgEIAA
Petisqueira Zinho-Batista,"R. Pref. Baltasar Buschle, 3221 - Espinheiros, Joinville - SC, 89228-799",https://zinhobatista.com.br/,(47) 98484-0918,sim,sim,4.3,2748,OPERATIONAL,seafood_restaurant,seafood_restaurant restaurant food point_of_interest establishment,https://maps.google.com/?cid=13670234847413330230&g_mp=Cidnb29nbGUubWFwcy5wbGFjZXMudjEuUGxhY2VzLlNlYXJjaFRleHQQAhgEIAA
Petry Pizza,"Estr. Palmeira, 890 - Palmeira, Joinville - SC, 89239-790",https://wa.me/c/554788175827,(47) 98817-5827,sim,sim,4.4,33,OPERATIONAL,pizza_restaurant,pizza_restaurant restaurant food point_of_interest establishment,https://maps.google.com/?cid=1728456796860948353&g_mp=Cidnb29nbGUubWFwcy5wbGFjZXMudjEuUGxhY2VzLlNlYXJjaFRleHQQAhgEIAA
Picanhas Grill Restaurante e Pizzaria,"R. Albano Schmidt, 3890 - Comasa, Joinville - SC, 89228-042",https://pedido.anota.ai/loja/picanhas-grill-2?f=msa,(47) 99662-8535,sim,sim,4.5,1892,OPERATIONAL,buffet_restaurant,buffet_restaurant pizza_restaurant restaurant food point_of_interest establishment,https://maps.google.com/?cid=6022902054170482746&g_mp=Cidnb29nbGUubWFwcy5wbGFjZXMudjEuUGxhY2VzLlNlYXJjaFRleHQQAhgEIAA
Pira Pizza,"R. Pres. Vargas, 523 - Pirabeiraba, Joinville - SC, 89239-080",https://m.facebook.com/PIRA-Pizza-306890439358063/,(47) 3424-1465,sim,sim,4.5,494,OPERATIONAL,pizza_restaurant,pizza_restaurant restaurant food point_of_interest establishment,https://maps.google.com/?cid=17686526552116576836&g_mp=Cidnb29nbGUubWFwcy5wbGFjZXMudjEuUGxhY2VzLlNlYXJjaFRleHQQAhgEIAA
Pizza,"R. Álvaro Maia, 726 - Ulysses Guimarães, Joinville - SC, 89230-610",,,sim,,,,OPERATIONAL,restaurant,restaurant food point_of_interest establishment,https://maps.google.com/?cid=7087828318888086746&g_mp=Cidnb29nbGUubWFwcy5wbGFjZXMudjEuUGxhY2VzLlNlYXJjaFRleHQQAhgEIAA
Pizza Boo - Pizza Estilo Americana de Joinville,"R. São Paulo, 728 - Bucarein, Joinville - SC, 89202-200",https://www.pizzaboo.com.br/,(47) 3307-2045,,sim,4.9,481,OPERATIONAL,pizza_restaurant,pizza_restaurant restaurant food point_of_interest establishment,https://maps.google.com/?cid=5853673256057964940&g_mp=Cidnb29nbGUubWFwcy5wbGFjZXMudjEuUGxhY2VzLlNlYXJjaFRleHQQAhgEIAA
Pizza Corleoné Kalzone,"R. Gothard Kaesemodel, 30 - Anita Garibaldi, Joinville - SC, 89203-400",,,,,4,1,OPERATIONAL,restaurant,restaurant food point_of_interest establishment,https://maps.google.com/?cid=17559137469428502536&g_mp=Cidnb29nbGUubWFwcy5wbGFjZXMudjEuUGxhY2VzLlNlYXJjaFRleHQQAhgEIAA
Pizza Crush Joinville,"R. Jaraguá, 1019 - América, Joinville - SC, 89204-650",,(47) 98821-5467,sim,sim,4.8,1364,OPERATIONAL,pizza_restaurant,pizza_restaurant restaurant food point_of_interest establishment,https://maps.google.com/?cid=15798789952880174040&g_mp=Cidnb29nbGUubWFwcy5wbGFjZXMudjEuUGxhY2VzLlNlYXJjaFRleHQQAhgEIAA
Pizza Mel,"R. da Associação, 37 - Morro do Meio, Joinville - SC, 89215-174",,(47) 3455-2165,sim,sim,4.4,1059,OPERATIONAL,pizza_restaurant,pizza_restaurant restaurant food point_of_interest establishment,https://maps.google.com/?cid=2156164115389708480&g_mp=Cidnb29nbGUubWFwcy5wbGFjZXMudjEuUGxhY2VzLlNlYXJjaFRleHQQAhgEIAA
Pizza para Você - Joinville,"R. Albano Schmidt, 5256 - Comasa, Joinville - SC, 89228-310",https://pizzaparavoce.com.br/,(47) 3278-2012,sim,,4.1,533,OPERATIONAL,pizza_restaurant,pizza_restaurant restaurant food point_of_interest establishment,https://maps.google.com/?cid=1392393722317805419&g_mp=Cidnb29nbGUubWFwcy5wbGFjZXMudjEuUGxhY2VzLlNlYXJjaFRleHQQAhgEIAA
Pizza Para Você - Joinville - Glória,"Zap ( 47 - 99237.9769 - Glória, Joinville - SC, 89216-199",https://pizzaparavoce.com.br/,(47) 3305-4652,sim,sim,4.8,457,OPERATIONAL,pizza_restaurant,pizza_restaurant restaurant food point_of_interest establishment,https://maps.google.com/?cid=275707920672357847&g_mp=Cidnb29nbGUubWFwcy5wbGFjZXMudjEuUGxhY2VzLlNlYXJjaFRleHQQAhgEIAA
Pizza para Você Joinville - Zona Sul,"R. Santa Catarina, 247 - Itaum, Joinville - SC, 89210-009",http://pizzaparavoce.com.br/,(47) 3034-1772,sim,sim,3.9,591,OPERATIONAL,pizza_restaurant,pizza_restaurant restaurant food point_of_interest establishment,https://maps.google.com/?cid=2311024975332624714&g_mp=Cidnb29nbGUubWFwcy5wbGFjZXMudjEuUGxhY2VzLlNlYXJjaFRleHQQAhgEIAA
Pizza Ville,"Estr. Timbé, 6027 - Jardim Paraíso, Joinville - SC, 89240-000",https://pedir.delivery/pizzaville,(47) 99671-1119,sim,sim,4.1,209,OPERATIONAL,pizza_delivery,pizza_delivery meal_delivery food_delivery food point_of_interest establishment,https://maps.google.com/?cid=7683793473884370580&g_mp=Cidnb29nbGUubWFwcy5wbGFjZXMudjEuUGxhY2VzLlNlYXJjaFRleHQQAhgEIAA
Pizzaria,"Av. Paulo Schroeder, 1605 - Boehmerwald, Joinville - SC, 89232-302",,,sim,sim,,,OPERATIONAL,restaurant,restaurant food point_of_interest establishment,https://maps.google.com/?cid=14295216434040002783&g_mp=Cidnb29nbGUubWFwcy5wbGFjZXMudjEuUGxhY2VzLlNlYXJjaFRleHQQAhgEIAA
Pizzaria,"R. Dorothóvio do Nascimento, 3677 - Distrito Industrial, Joinville - SC, 89999-999",,,sim,,4.2,6,OPERATIONAL,pizza_restaurant,pizza_restaurant restaurant food point_of_interest establishment,https://maps.google.com/?cid=15037713902797627189&g_mp=Cidnb29nbGUubWFwcy5wbGFjZXMudjEuUGxhY2VzLlNlYXJjaFRleHQQAhgEIAA
Pizzaria 24horas,"R. Anita Garibaldi, 530 - Anita Garibaldi, Joinville - SC, 89203-300",,(47) 98858-5704,,,,,OPERATIONAL,point_of_interest,point_of_interest establishment,https://maps.google.com/?cid=13669636726588691997&g_mp=Cidnb29nbGUubWFwcy5wbGFjZXMudjEuUGxhY2VzLlNlYXJjaFRleHQQAhgEIAA
Pizzaria Adusu,"R. Profeta Jeremias, 126 - Vila Cubatão, Joinville - SC, 89225-814",https://www.instagram.com/pizzaria_adusu?igsh=aXRjbHVjc3h5Ymxh,(47) 99686-0055,,,,,OPERATIONAL,pizza_restaurant,pizza_restaurant restaurant food point_of_interest establishment,https://maps.google.com/?cid=7731639887336277347&g_mp=Cidnb29nbGUubWFwcy5wbGFjZXMudjEuUGxhY2VzLlNlYXJjaFRleHQQAhgEIAA
Pizzaria Baggio,"R. Otto Boehm, 376 - América, Joinville - SC, 89201-700",http://www.pizzariabaggio.com.br/,(47) 3026-4242,sim,sim,4.6,3151,OPERATIONAL,pizza_restaurant,pizza_restaurant family_restaurant vegetarian_restaurant italian_restaurant pizza_delivery meal_delivery food_delivery european_restaurant meal_takeaway restaurant food point_of_interest establishment,https://maps.google.com/?cid=2303501878324598147&g_mp=Cidnb29nbGUubWFwcy5wbGFjZXMudjEuUGxhY2VzLlNlYXJjaFRleHQQAhgEIAA
Pizzaria Baggio,"R. Ten. Antônio João, 848 - Bom Retiro, Joinville - SC, 89222-401",http://www.pizzariabaggio.com.br/,(47) 3030-1414,sim,sim,4.6,499,OPERATIONAL,pizza_restaurant,pizza_restaurant family_restaurant vegetarian_restaurant italian_restaurant pizza_delivery meal_delivery food_delivery european_restaurant meal_takeaway restaurant food point_of_interest establishment,https://maps.google.com/?cid=9228826517771244224&g_mp=Cidnb29nbGUubWFwcy5wbGFjZXMudjEuUGxhY2VzLlNlYXJjaFRleHQQAhgEIAA
Pizzaria Bassano,"R. Pref. Baltasar Buschle, 258 - Comasa, Joinville - SC, 89228-000",https://pedir.delivery/app/bassano/menu?utm_source=google&utm_medium=organic&utm_campaign=google_business,(47) 3434-5459,sim,sim,4.6,42,OPERATIONAL,pizza_restaurant,pizza_restaurant pizza_delivery meal_delivery food_delivery restaurant food point_of_interest establishment,https://maps.google.com/?cid=2408210070475964755&g_mp=Cidnb29nbGUubWFwcy5wbGFjZXMudjEuUGxhY2VzLlNlYXJjaFRleHQQAhgEIAA
Pizzaria Bella Mama,"R. Dálcio Bortoluzzi, 120 - Vila Nova, Joinville - SC, 89237-455",,(47) 3439-0405,sim,sim,4.4,445,OPERATIONAL,pizza_restaurant,pizza_restaurant restaurant food point_of_interest establishment,https://maps.google.com/?cid=17499442887354521303&g_mp=Cidnb29nbGUubWFwcy5wbGFjZXMudjEuUGxhY2VzLlNlYXJjaFRleHQQAhgEIAA
Pizzaria Bella Napoli,"Av. Paulo Schroeder, 2007 - Petrópolis, Joinville - SC, 89232-302",https://goo.gl/IB4F3z,(47) 3465-1980,sim,sim,3.5,67,OPERATIONAL,pizza_restaurant,pizza_restaurant restaurant food point_of_interest establishment,https://maps.google.com/?cid=11505175403283176317&g_mp=Cidnb29nbGUubWFwcy5wbGFjZXMudjEuUGxhY2VzLlNlYXJjaFRleHQQAhgEIAA
Pizzaria Bom de Garfo,"R. Pavão, 638 - Costa e Silva, Joinville - SC, 89220-200",https://bomdegarfopizzaria.mandarpedido.com/whatsapp,(47) 99938-3479,sim,sim,4.8,1127,OPERATIONAL,pizza_restaurant,pizza_restaurant brazilian_restaurant meal_takeaway restaurant food point_of_interest establishment,https://maps.google.com/?cid=7821684360648130805&g_mp=Cidnb29nbGUubWFwcy5wbGFjZXMudjEuUGxhY2VzLlNlYXJjaFRleHQQAhgEIAA
Pizzaria Braseiro,"Zap ( 47 - 99237.9769 - Paranaguamirim, Joinville - SC, 89235-860",https://pedir.delivery/app/braseiro/menu,(47) 3407-2169,sim,sim,4.7,212,OPERATIONAL,pizza_restaurant,pizza_restaurant restaurant food point_of_interest establishment,https://maps.google.com/?cid=3419542015757489261&g_mp=Cidnb29nbGUubWFwcy5wbGFjZXMudjEuUGxhY2VzLlNlYXJjaFRleHQQAhgEIAA
Pizzaria Capri - Pizza Artesanal e Delivery,"R. Albano Schmidt, 1554 - Boa Vista, Joinville - SC, 89205-098",http://pizzariacapri.menudino.com/,(47) 98914-4215,sim,,5,56,OPERATIONAL,pizza_restaurant,pizza_restaurant pizza_delivery meal_delivery food_delivery meal_takeaway restaurant food point_of_interest establishment,https://maps.google.com/?cid=1513877568771043488&g_mp=Cidnb29nbGUubWFwcy5wbGFjZXMudjEuUGxhY2VzLlNlYXJjaFRleHQQAhgEIAA
Pizzaria Capricioza | Porções | Frutos do Mar | Delivery | À La Carte,"R. 25 de Dezembro, 39 - Paranaguamirim, Joinville - SC, 89231-418",https://pedir.delivery/pizzariacapricioza,(47) 3463-6005,sim,sim,4.5,655,OPERATIONAL,pizza_restaurant,pizza_restaurant restaurant food point_of_interest establishment,https://maps.google.com/?cid=4991254600666650425&g_mp=Cidnb29nbGUubWFwcy5wbGFjZXMudjEuUGxhY2VzLlNlYXJjaFRleHQQAhgEIAA
Pizzaria Casa Di Francisca,"na Praça de Alimentação Giassi Supermercados - R. Inácio Bastos, 173 - Lj 14 SALA 306 - Bucarein, Joinville - SC, 89202-310",,(47) 99680-5915,sim,sim,4.9,73,OPERATIONAL,pizza_restaurant,pizza_restaurant restaurant food point_of_interest establishment,https://maps.google.com/?cid=636704904440563281&g_mp=Cidnb29nbGUubWFwcy5wbGFjZXMudjEuUGxhY2VzLlNlYXJjaFRleHQQAhgEIAA
Pizzaria Casara,"Av. Cel. Procópio Gomes, 1440 - Bucarein, Joinville - SC, 89202-422",,,sim,,,,OPERATIONAL,restaurant,restaurant food point_of_interest establishment,https://maps.google.com/?cid=6423878553230482293&g_mp=Cidnb29nbGUubWFwcy5wbGFjZXMudjEuUGxhY2VzLlNlYXJjaFRleHQQAhgEIAA
Pizzaria city Joinville - Pizzaria & esfiharia - Pizzas & Esfihas,"Rua Marechal Luz, 830 - Fátima, Joinville - SC, 89230-648",https://pedir.delivery/pizzariacity,(47) 3801-1992,sim,sim,4.4,122,OPERATIONAL,pizza_restaurant,pizza_restaurant brazilian_restaurant snack_bar market sandwich_shop hypermarket middle_eastern_restaurant pizza_delivery meal_delivery food_delivery supermarket grocery_store consultant food_store meal_takeaway store restaurant food point_of_interest service establishment,https://maps.google.com/?cid=7554280624598818613&g_mp=Cidnb29nbGUubWFwcy5wbGFjZXMudjEuUGxhY2VzLlNlYXJjaFRleHQQAhgEIAA
Pizzaria D'atia,"R. Dr. Júlio de Mesquita Filho, 145 - Jardim Iririú, Joinville - SC, 89224-240",https://pedir.delivery/datia,(47) 3427-0293,sim,sim,4.7,1227,OPERATIONAL,pizza_restaurant,pizza_restaurant brazilian_restaurant snack_bar pizza_delivery meal_delivery food_delivery meal_takeaway restaurant food point_of_interest establishment,https://maps.google.com/?cid=8403260838843151737&g_mp=Cidnb29nbGUubWFwcy5wbGFjZXMudjEuUGxhY2VzLlNlYXJjaFRleHQQAhgEIAA
Pizzaria da Família,"R. Santa Izabel, 108 - João Costa, Joinville - SC, 89230-201",https://delivery.yooga.app/pizzaria-da-familia,(47) 98927-9362,sim,,,,OPERATIONAL,pizza_delivery,pizza_delivery meal_delivery food_delivery food point_of_interest establishment,https://maps.google.com/?cid=16528706308817950324&g_mp=Cidnb29nbGUubWFwcy5wbGFjZXMudjEuUGxhY2VzLlNlYXJjaFRleHQQAhgEIAA
Pizzaria do Cheff,"R. Martinho Van Biene, 2435 - Aventureiro, Joinville - SC, 89224-055",https://pedir.delivery/pizzariadocheffjoinville,(47) 99208-5402,sim,sim,4.8,232,OPERATIONAL,pizza_restaurant,pizza_restaurant restaurant food point_of_interest establishment,https://maps.google.com/?cid=6796047952324413829&g_mp=Cidnb29nbGUubWFwcy5wbGFjZXMudjEuUGxhY2VzLlNlYXJjaFRleHQQAhgEIAA
Pizzaria Dom Bruno,"R. Adolfo da Veiga, 443 - Boehmerwald, Joinville - SC, 89235-000",https://pedir.delivery/app/pizzariadombruno/menu,(47) 3202-9696,sim,sim,4.8,18,OPERATIONAL,pizza_restaurant,pizza_restaurant restaurant food point_of_interest establishment,https://maps.google.com/?cid=14695958125722952090&g_mp=Cidnb29nbGUubWFwcy5wbGFjZXMudjEuUGxhY2VzLlNlYXJjaFRleHQQAhgEIAA
Pizzaria Dom Lorenzo,"Estr. Lagoinha, 794 - Morro do Meio, Joinville - SC, 89215-200",,(47) 98855-5616,sim,sim,4.8,11,OPERATIONAL,pizza_delivery,pizza_delivery meal_delivery food_delivery food point_of_interest establishment,https://maps.google.com/?cid=10058014658324316057&g_mp=Cidnb29nbGUubWFwcy5wbGFjZXMudjEuUGxhY2VzLlNlYXJjaFRleHQQAhgEIAA
Pizzaria Dom Melli,"R. Irmãs Lauer, 226 - Bom Retiro, Joinville - SC, 89222-370",https://www.instagram.com/pizzaria_dommelli/,(47) 99734-3689,sim,sim,4.3,25,OPERATIONAL,pizza_delivery,pizza_delivery meal_delivery food_delivery food point_of_interest establishment,https://maps.google.com/?cid=2272828771676768973&g_mp=Cidnb29nbGUubWFwcy5wbGFjZXMudjEuUGxhY2VzLlNlYXJjaFRleHQQAhgEIAA
Pizzaria Don Frederico,"R. Adolfo da Veiga, 497 - Boehmerwald, Joinville - SC, 89235-000",,(47) 99940-4113,sim,sim,4.8,6,OPERATIONAL,pizza_restaurant,pizza_restaurant restaurant food point_of_interest establishment,https://maps.google.com/?cid=5689439264529478974&g_mp=Cidnb29nbGUubWFwcy5wbGFjZXMudjEuUGxhY2VzLlNlYXJjaFRleHQQAhgEIAA
Pizzaria don natta,"R. Florianópolis, 208 - Guanabara, Joinville - SC, 89210-085",,,,,1.9,17,OPERATIONAL,pizza_restaurant,pizza_restaurant restaurant food point_of_interest establishment,https://maps.google.com/?cid=15727447274453652889&g_mp=Cidnb29nbGUubWFwcy5wbGFjZXMudjEuUGxhY2VzLlNlYXJjaFRleHQQAhgEIAA
Pizzaria Dona Elza,"Av. Alm. Jaceguay, 3225 - Costa e Silva, Joinville - SC, 89221-705",https://pizzariadonaelza.com.br/,(47) 99984-9534,sim,,5,2,OPERATIONAL,pizza_restaurant,pizza_restaurant restaurant food point_of_interest establishment,https://maps.google.com/?cid=912860681995709208&g_mp=Cidnb29nbGUubWFwcy5wbGFjZXMudjEuUGxhY2VzLlNlYXJjaFRleHQQAhgEIAA
PIZZARIA E HAMBURGUERIA VENCE TUDO,"R. Bertoldo Berkenbrock, 192 - Espinheiros, Joinville - SC, 89228-760",https://pedido.anota.ai/loja/pizzaria-e-hamburgueria-vence-tudo-2?from=site,(47) 99720-6605,sim,,3.4,5,OPERATIONAL,pizza_restaurant,pizza_restaurant restaurant food point_of_interest establishment,https://maps.google.com/?cid=764408179451413828&g_mp=Cidnb29nbGUubWFwcy5wbGFjZXMudjEuUGxhY2VzLlNlYXJjaFRleHQQAhgEIAA
PIZZARIA E YAKISOBA VENCE TUDO,"R. Bertoldo Berkenbrock, 192 - Espinheiros, Joinville - SC, 89228-760",https://pedido.anota.ai/loja/pizzaria-e-yakisoba-vence-tudo-2?f=msa,(47) 99720-6605,sim,,3,2,OPERATIONAL,pizza_delivery,pizza_delivery meal_delivery food_delivery food point_of_interest establishment,https://maps.google.com/?cid=14933135746155591343&g_mp=Cidnb29nbGUubWFwcy5wbGFjZXMudjEuUGxhY2VzLlNlYXJjaFRleHQQAhgEIAA
Pizzaria Espinheiros,"R. Evaristo João Heck, 391 - Espinheiros, Joinville - SC, 89228-830",http://www.facebook.com/pizzariaespinheiros,(47) 3432-4834,sim,sim,4.7,655,OPERATIONAL,pizza_restaurant,pizza_restaurant restaurant food point_of_interest establishment,https://maps.google.com/?cid=429427518612786142&g_mp=Cidnb29nbGUubWFwcy5wbGFjZXMudjEuUGxhY2VzLlNlYXJjaFRleHQQAhgEIAA
Pizzaria Falabretti,"Av. Júpiter, 1090 - Jardim Paraíso, Joinville - SC, 89226-600",,(47) 99696-5243,sim,sim,4.3,273,OPERATIONAL,pizza_restaurant,pizza_restaurant fast_food_restaurant restaurant food point_of_interest establishment,https://maps.google.com/?cid=2549808153802873412&g_mp=Cidnb29nbGUubWFwcy5wbGFjZXMudjEuUGxhY2VzLlNlYXJjaFRleHQQAhgEIAA
Pizzaria Folheto II Joinville SC,"R. Itambé, 501-549 - Jardim Iririú, Joinville - SC, 89224-430",,(47) 98810-6672,sim,sim,4.5,13,OPERATIONAL,pizza_restaurant,pizza_restaurant restaurant food point_of_interest establishment,https://maps.google.com/?cid=15201972280164368321&g_mp=Cidnb29nbGUubWFwcy5wbGFjZXMudjEuUGxhY2VzLlNlYXJjaFRleHQQAhgEIAA
Pizzaria Galeria Pizzas Sul,"R. Florianópolis, 2831 - Fátima, Joinville - SC, 89229-348",https://galeriapizzassul.mandarpedido.com/mobile/home,,sim,sim,4.8,1119,OPERATIONAL,pizza_delivery,pizza_delivery meal_delivery food_delivery food point_of_interest establishment,https://maps.google.com/?cid=10229473769275659077&g_mp=Cidnb29nbGUubWFwcy5wbGFjZXMudjEuUGxhY2VzLlNlYXJjaFRleHQQAhgEIAA
Pizzaria Guanabara,"R. Santo Agostinho, 26 - Guanabara, Joinville - SC, 89207-650",,(47) 98423-5555,sim,sim,3.3,221,OPERATIONAL,pizza_restaurant,pizza_restaurant restaurant food point_of_interest establishment,https://maps.google.com/?cid=12738322892628240215&g_mp=Cidnb29nbGUubWFwcy5wbGFjZXMudjEuUGxhY2VzLlNlYXJjaFRleHQQAhgEIAA
Pizzaria Imperial,"R. Boehmerwald, 2323 - Boehmerwald, Joinville - SC, 89232-486",https://pizzariaimperio.replit.app/,(47) 3043-6252,sim,sim,4.8,2180,OPERATIONAL,pizza_restaurant,pizza_restaurant restaurant food point_of_interest establishment,https://maps.google.com/?cid=14907480966329146850&g_mp=Cidnb29nbGUubWFwcy5wbGFjZXMudjEuUGxhY2VzLlNlYXJjaFRleHQQAhgEIAA
PIZZARIA ITÁLIA,"R. Monsenhor Gercino, 3654 - João Costa, Joinville - SC, 89209-403",,(47) 99693-6655,,,2.3,6,OPERATIONAL,pizza_restaurant,pizza_restaurant restaurant food point_of_interest establishment,https://maps.google.com/?cid=4003790190450740878&g_mp=Cidnb29nbGUubWFwcy5wbGFjZXMudjEuUGxhY2VzLlNlYXJjaFRleHQQAhgEIAA
Pizzaria Jardim,"R. Papa João Paulo I, 227 - Sala 2 - Jardim Iririú, Joinville - SC, 89224-400",,(47) 3086-0942,sim,sim,4.6,32,OPERATIONAL,pizza_restaurant,pizza_restaurant pizza_delivery meal_delivery food_delivery meal_takeaway restaurant food point_of_interest establishment,https://maps.google.com/?cid=6587921496899746276&g_mp=Cidnb29nbGUubWFwcy5wbGFjZXMudjEuUGxhY2VzLlNlYXJjaFRleHQQAhgEIAA
Pizzaria Ki-Sabor,"R. Ten. Antônio João, 1622 - Bom Retiro, Joinville - SC, 89222-401",,(47) 99771-3736,sim,sim,4.2,190,OPERATIONAL,pizza_delivery,pizza_delivery meal_delivery food_delivery food point_of_interest establishment,https://maps.google.com/?cid=902455530313549535&g_mp=Cidnb29nbGUubWFwcy5wbGFjZXMudjEuUGxhY2VzLlNlYXJjaFRleHQQAhgEIAA
Pizzaria La Bella Pizza,"R. Pres. Prudente de Moraes, 1415 - Costa e Silva, Joinville - SC, 89218-503",http://labellapizza-sc.com.br/site/,(47) 3435-3100,sim,sim,4.6,333,OPERATIONAL,pizza_restaurant,pizza_restaurant italian_restaurant pizza_delivery meal_delivery food_delivery european_restaurant meal_takeaway restaurant food point_of_interest establishment,https://maps.google.com/?cid=8115565863981726503&g_mp=Cidnb29nbGUubWFwcy5wbGFjZXMudjEuUGxhY2VzLlNlYXJjaFRleHQQAhgEIAA
Pizzaria La Divina Pizza Joinville 2,"R. Pres. Campos Salles, 74 - Glória, Joinville - SC, 89217-100",https://pedir.delivery/ladivinapizza2,(47) 99922-7400,sim,sim,4.9,9,OPERATIONAL,pizza_restaurant,pizza_restaurant pizza_delivery meal_delivery food_delivery restaurant food point_of_interest establishment,https://maps.google.com/?cid=8590166906258227411&g_mp=Cidnb29nbGUubWFwcy5wbGFjZXMudjEuUGxhY2VzLlNlYXJjaFRleHQQAhgEIAA
Pizzaria La Roma Pizzeria,"R. Pres. Campos Salles, 74 - Glória, Joinville - SC, 89217-100",https://pedir.delivery/laromapizzeria,(47) 99922-7400,sim,,3,3,OPERATIONAL,pizza_restaurant,pizza_restaurant restaurant food point_of_interest establishment,https://maps.google.com/?cid=17274953980741438061&g_mp=Cidnb29nbGUubWFwcy5wbGFjZXMudjEuUGxhY2VzLlNlYXJjaFRleHQQAhgEIAA
Pizzaria Los Rios,"R. David Thomas Pereira, 63 - Aventureiro, Joinville - SC, 89226-020",https://pedir.delivery/losriospizzaria-aventureiro,(47) 3407-0669,sim,sim,4.5,514,OPERATIONAL,pizza_restaurant,pizza_restaurant courier_service shipping_service pizza_delivery meal_delivery food_delivery restaurant food point_of_interest service establishment,https://maps.google.com/?cid=2024279836878177354&g_mp=Cidnb29nbGUubWFwcy5wbGFjZXMudjEuUGxhY2VzLlNlYXJjaFRleHQQAhgEIAA
Pizzaria Luziana,"R. Bom Retiro, 319 - Nova Brasília, Joinville - SC, 89213-430",https://pedir.delivery/luziana,(47) 98863-2619,sim,sim,4.3,106,OPERATIONAL,pizza_restaurant,pizza_restaurant restaurant food point_of_interest establishment,https://maps.google.com/?cid=16607291008886833356&g_mp=Cidnb29nbGUubWFwcy5wbGFjZXMudjEuUGxhY2VzLlNlYXJjaFRleHQQAhgEIAA
Pizzaria Mascarello,"R. Alfenas, 287 - Petrópolis, Joinville - SC, 89208-820",https://pedir.delivery/app/pizzariamascarello/menu,(47) 98854-5838,sim,sim,4.7,77,OPERATIONAL,pizza_restaurant,pizza_restaurant restaurant food point_of_interest establishment,https://maps.google.com/?cid=6453074206313592935&g_mp=Cidnb29nbGUubWFwcy5wbGFjZXMudjEuUGxhY2VzLlNlYXJjaFRleHQQAhgEIAA
Pizzaria Mondini,"R. Janete de Oliveira, 81 - Aventureiro, Joinville - SC, 89226-463",https://pedir.delivery/mondinipizzaria,(47) 3473-1200,sim,sim,4.5,276,OPERATIONAL,pizza_restaurant,pizza_restaurant restaurant food point_of_interest establishment,https://maps.google.com/?cid=10981126779688151314&g_mp=Cidnb29nbGUubWFwcy5wbGFjZXMudjEuUGxhY2VzLlNlYXJjaFRleHQQAhgEIAA
Pizzaria Olivetto,"R. Fátima - Fátima, Joinville - SC, 89229-101",,(47) 93300-4982,sim,sim,4.5,4,OPERATIONAL,meal_takeaway,meal_takeaway restaurant food point_of_interest establishment,https://maps.google.com/?cid=11746616760450263698&g_mp=Cidnb29nbGUubWFwcy5wbGFjZXMudjEuUGxhY2VzLlNlYXJjaFRleHQQAhgEIAA
PIZZARIA OPINIÃO,"R. Papa João XXIII, 1036 - Iririú, Joinville - SC, 89227-301",https://pizzariaopiniao.com.br/,(47) 3278-6172,sim,sim,4.6,175,OPERATIONAL,pizza_restaurant,pizza_restaurant restaurant food point_of_interest establishment,https://maps.google.com/?cid=18201219011276122777&g_mp=Cidnb29nbGUubWFwcy5wbGFjZXMudjEuUGxhY2VzLlNlYXJjaFRleHQQAhgEIAA
Pizzaria Origem da Pizza,"Rua Aubé, 875 - Boa Vista, Joinville - SC, 89205-000",http://origemdapizza.com.br/,(47) 99658-5823,sim,sim,4.6,10,OPERATIONAL,pizza_delivery,pizza_delivery shipping_service pizza_restaurant meal_delivery food_delivery meal_takeaway restaurant food point_of_interest service establishment,https://maps.google.com/?cid=9898453986366771462&g_mp=Cidnb29nbGUubWFwcy5wbGFjZXMudjEuUGxhY2VzLlNlYXJjaFRleHQQAhgEIAA
Pizzaria Paraíso,"Av. Júpiter, 281 - Jardim Paraíso, Joinville - SC, 89226-600",,(47) 98833-9826,sim,sim,4.2,5,OPERATIONAL,restaurant,restaurant food point_of_interest establishment,https://maps.google.com/?cid=4786664710240337671&g_mp=Cidnb29nbGUubWFwcy5wbGFjZXMudjEuUGxhY2VzLlNlYXJjaFRleHQQAhgEIAA
Pizzaria Peri,"R. Dilma de Oliveira, 39 - Paranaguamirim, Joinville - SC, 89231-742",,(47) 99668-5710,sim,sim,4.4,31,OPERATIONAL,pizza_restaurant,pizza_restaurant restaurant food point_of_interest establishment,https://maps.google.com/?cid=5530433534684894683&g_mp=Cidnb29nbGUubWFwcy5wbGFjZXMudjEuUGxhY2VzLlNlYXJjaFRleHQQAhgEIAA
Pizzaria Pizzaiolo,"R. Dr. João Colin, 2850 - Saguaçu, Joinville - SC, 89221-703",https://pizzariapizzaiolo.com.br/,(47) 3472-1300,sim,sim,4.5,1079,OPERATIONAL,pizza_restaurant,pizza_restaurant restaurant food point_of_interest establishment,https://maps.google.com/?cid=17984724215044128279&g_mp=Cidnb29nbGUubWFwcy5wbGFjZXMudjEuUGxhY2VzLlNlYXJjaFRleHQQAhgEIAA
PIZZARIA POPEYE,"R. Iririú, 3125 - Iririú, Joinville - SC, 89227-021",,(47) 98417-7216,sim,sim,5,2,OPERATIONAL,meal_takeaway,meal_takeaway restaurant food point_of_interest establishment,https://maps.google.com/?cid=541580544575862463&g_mp=Cidnb29nbGUubWFwcy5wbGFjZXMudjEuUGxhY2VzLlNlYXJjaFRleHQQAhgEIAA
PIZZARIA POPEYE,"R. Areia Branca, 78 - Jardim Iririú, Joinville - SC, 89224-477",,(47) 99987-2243,sim,sim,3.3,7,OPERATIONAL,meal_takeaway,sushi_restaurant japanese_restaurant meal_takeaway restaurant food point_of_interest establishment,https://maps.google.com/?cid=6067884902277508898&g_mp=Cidnb29nbGUubWFwcy5wbGFjZXMudjEuUGxhY2VzLlNlYXJjaFRleHQQAhgEIAA
Pizzaria Positano,"R. Albano Schmidt, 591 - Boa Vista, Joinville - SC, 89205-100",https://pedir.delivery/positano?google,(47) 3445-0628,sim,sim,4.6,745,OPERATIONAL,pizza_restaurant,pizza_restaurant restaurant food point_of_interest establishment,https://maps.google.com/?cid=10683091351589276321&g_mp=Cidnb29nbGUubWFwcy5wbGFjZXMudjEuUGxhY2VzLlNlYXJjaFRleHQQAhgEIAA
Pizzaria Prestígio,"R. das Cegonhas, 243 - Iririú, Joinville - SC, 89227-645",https://pizzariaprestigio.chefware.com.br/,(47) 3029-0980,sim,sim,3.7,254,OPERATIONAL,pizza_restaurant,pizza_restaurant restaurant food point_of_interest establishment,https://maps.google.com/?cid=263471296576130062&g_mp=Cidnb29nbGUubWFwcy5wbGFjZXMudjEuUGxhY2VzLlNlYXJjaFRleHQQAhgEIAA
Pizzaria Q-Massa,"R. São Paulo, 247 - Bucarein, Joinville - SC, 89210-001",http://www.pizzariaqmassa.com.br/,(47) 3207-3003,sim,sim,4.5,4552,OPERATIONAL,pizza_restaurant,pizza_restaurant restaurant food point_of_interest establishment,https://maps.google.com/?cid=1519279672495823127&g_mp=Cidnb29nbGUubWFwcy5wbGFjZXMudjEuUGxhY2VzLlNlYXJjaFRleHQQAhgEIAA
PIZZARIA RISSO,"Rua: Perseus, 172 - Cs 06 - Jardim Paraíso, Joinville - SC, 89226-566",https://pedir.delivery/rissopizzaria?src=wabot&u=70aa450014,(47) 99749-9480,sim,sim,4.9,38,OPERATIONAL,pizza_delivery,pizza_delivery meal_delivery food_delivery food point_of_interest establishment,https://maps.google.com/?cid=5345489619271547895&g_mp=Cidnb29nbGUubWFwcy5wbGFjZXMudjEuUGxhY2VzLlNlYXJjaFRleHQQAhgEIAA
Pizzaria Sazio,"R. João Felizari, 106 - Paranaguamirim, Joinville - SC, 89231-385",https://instadelivery.com.br/saziopizza,(47) 99780-2897,sim,sim,3,2,OPERATIONAL,pizza_delivery,pizza_delivery meal_delivery food_delivery food point_of_interest establishment,https://maps.google.com/?cid=4168449182815957267&g_mp=Cidnb29nbGUubWFwcy5wbGFjZXMudjEuUGxhY2VzLlNlYXJjaFRleHQQAhgEIAA
Pizzaria Sem Glúten Franguini.com Ltda,"R. Pedro Mariano de Borba, 95 - Costa e Silva, Joinville - SC, 89220-550",,(47) 99222-5363,,sim,4.8,104,OPERATIONAL,pizza_restaurant,pizza_restaurant restaurant food point_of_interest establishment,https://maps.google.com/?cid=13134073834237951355&g_mp=Cidnb29nbGUubWFwcy5wbGFjZXMudjEuUGxhY2VzLlNlYXJjaFRleHQQAhgEIAA
Pizzaria Suzena,"R. Pavão, 638 - Costa e Silva, Joinville - SC, 89220-200",https://pedir.delivery/pizzariasuzena,(47) 99938-3479,sim,sim,4.7,460,OPERATIONAL,pizza_restaurant,pizza_restaurant brazilian_restaurant meal_takeaway restaurant food point_of_interest establishment,https://maps.google.com/?cid=5554070179633752252&g_mp=Cidnb29nbGUubWFwcy5wbGFjZXMudjEuUGxhY2VzLlNlYXJjaFRleHQQAhgEIAA
Pizzaria Tempero Napolitano | Delivery,"R. Campo Erê, 314 - Sl 2 - Itaum, Joinville - SC, 89210-450",https://www.pizzariajoinville.com.br/,(47) 99601-1283,sim,sim,4.8,384,OPERATIONAL,pizza_restaurant,pizza_restaurant pizza_delivery meal_delivery food_delivery meal_takeaway restaurant food point_of_interest establishment,https://maps.google.com/?cid=4919049902321179199&g_mp=Cidnb29nbGUubWFwcy5wbGFjZXMudjEuUGxhY2VzLlNlYXJjaFRleHQQAhgEIAA
Pizzaria XV,"Zap ( 47 - 99237.9769 - Vila Nova, Joinville - SC, 89237-001",,(47) 3278-6999,sim,sim,4.5,535,OPERATIONAL,pizza_restaurant,pizza_restaurant restaurant food point_of_interest establishment,https://maps.google.com/?cid=6527546445136913282&g_mp=Cidnb29nbGUubWFwcy5wbGFjZXMudjEuUGxhY2VzLlNlYXJjaFRleHQQAhgEIAA
Pizzas Anita Container,"R. Itaiópolis, 622 - Saguaçu, Joinville - SC, 89221-155",https://www.ifood.com.br/delivery/joinville-sc/pizzas-anita-saguacu/55d68ef6-ac62-44e4-a643-bdc668ae2b4f?utm_medium=share,(47) 3278-4222,sim,sim,3.7,3,OPERATIONAL,pizza_restaurant,pizza_restaurant restaurant food point_of_interest establishment,https://maps.google.com/?cid=6502784529763413300&g_mp=Cidnb29nbGUubWFwcy5wbGFjZXMudjEuUGxhY2VzLlNlYXJjaFRleHQQAhgEIAA
Ponto Certo Pizzaria,"R. Boehmerwald, 2323 - Boehmerwald, Joinville - SC, 89232-486",https://pedir.delivery/app/pontocertopizzaria/menu,(47) 3278-0411,sim,sim,4.2,120,OPERATIONAL,pizza_restaurant,pizza_restaurant restaurant food point_of_interest establishment,https://maps.google.com/?cid=9204736413462928124&g_mp=Cidnb29nbGUubWFwcy5wbGFjZXMudjEuUGxhY2VzLlNlYXJjaFRleHQQAhgEIAA
Posto Zandoná 21,"R. Albano Schmidt, 3960 - Comasa, Joinville - SC, 89228-310",http://redezandona.com.br/,(47) 3433-3355,,,4.5,691,OPERATIONAL,gas_station,gas_station point_of_interest service establishment,https://maps.google.com/?cid=14794630566416365853&g_mp=Cidnb29nbGUubWFwcy5wbGFjZXMudjEuUGxhY2VzLlNlYXJjaFRleHQQAhgEIAA
Potter Açaí,"R. Santa Luzia - Aventureiro, Joinville - SC, 89226-300",https://pedir.delivery/potteracaiteria?fbclid=PAY2xjawGY4nZleHRuA2FlbQIxMQABpvsAyTU5UGdl4-HcKBu0y0wArt9184DmnPm_yWsOec-95GA0t2Zd_ETdjw_aem_Ix0gNtJzLMQs22i7GyTEqQ,(47) 99642-8263,sim,sim,4.9,35,OPERATIONAL,acai_shop,acai_shop brazilian_restaurant restaurant food point_of_interest establishment,https://maps.google.com/?cid=3692710055189021263&g_mp=Cidnb29nbGUubWFwcy5wbGFjZXMudjEuUGxhY2VzLlNlYXJjaFRleHQQAhgEIAA
PUTTA NESCA,"R. Padre Kolb, 1403 - Anita Garibaldi, Joinville - SC, 89202-145",https://app3.mogomenu.com.br/puttanesca,(47) 99764-6641,,sim,4.4,114,OPERATIONAL,italian_restaurant,italian_restaurant european_restaurant restaurant food point_of_interest establishment,https://maps.google.com/?cid=5069276376289699450&g_mp=Cidnb29nbGUubWFwcy5wbGFjZXMudjEuUGxhY2VzLlNlYXJjaFRleHQQAhgEIAA
Pátio América,"R. Blumenau, 2555 - América, Joinville - SC, 89204-413",https://link.comanda10.com.br/estabelecimento/patioamerica/produtos,,,sim,4.8,38,OPERATIONAL,food_court,food_court cocktail_bar ice_cream_shop sushi_restaurant hamburger_restaurant bar pizza_restaurant dessert_shop bakery american_restaurant confectionery food_store japanese_restaurant store restaurant food point_of_interest establishment,https://maps.google.com/?cid=9143590072273325864&g_mp=Cidnb29nbGUubWFwcy5wbGFjZXMudjEuUGxhY2VzLlNlYXJjaFRleHQQAhgEIAA
Pátio Marquês Joinville,"R. Marquês de Olinda, 542 - Costa e Silva, Joinville - SC, 89218-321",https://www.instagram.com/patiomarquesjoinville/,(47) 99225-9386,,sim,4.9,17,OPERATIONAL,food_court,food_court food point_of_interest establishment,https://maps.google.com/?cid=13439990214641946091&g_mp=Cidnb29nbGUubWFwcy5wbGFjZXMudjEuUGxhY2VzLlNlYXJjaFRleHQQAhgEIAA
Q-Burgão Lanches Bucarein,"R. São Paulo, 205 - Bucarein, Joinville - SC, 89202-212",https://pedir.delivery/qburgaobucarein,(47) 3028-0175,sim,sim,4.6,3485,OPERATIONAL,snack_bar,snack_bar hamburger_restaurant seafood_restaurant fast_food_restaurant sandwich_shop meal_delivery food_delivery american_restaurant meal_takeaway restaurant food point_of_interest establishment,https://maps.google.com/?cid=17851679613247471126&g_mp=Cidnb29nbGUubWFwcy5wbGFjZXMudjEuUGxhY2VzLlNlYXJjaFRleHQQAhgEIAA
Q-Burgão Lanches Iririú,"R. Herval d'Oeste, 761 - Iririú, Joinville - SC, 89227-025",http://pedir.delivery/qburgao,(47) 3418-3079,sim,sim,4.6,3820,OPERATIONAL,snack_bar,snack_bar hamburger_restaurant shipping_service fast_food_restaurant american_restaurant meal_takeaway restaurant food point_of_interest service establishment,https://maps.google.com/?cid=15197432488189568982&g_mp=Cidnb29nbGUubWFwcy5wbGFjZXMudjEuUGxhY2VzLlNlYXJjaFRleHQQAhgEIAA
Rafa's Dog Express,"Av. Getúlio Vargas, 1118 - Anita Garibaldi, Joinville - SC, 89202-002",https://www.instagram.com/rafasdogexpress/,(47) 99141-0459,sim,sim,3.7,139,OPERATIONAL,fast_food_restaurant,fast_food_restaurant restaurant food point_of_interest establishment,https://maps.google.com/?cid=4773023657979249623&g_mp=Cidnb29nbGUubWFwcy5wbGFjZXMudjEuUGxhY2VzLlNlYXJjaFRleHQQAhgEIAA
Recanto do Osmar,"R. Alberto Kroehne, 231 - Atiradores, Joinville - SC, 89203-115",https://pedir.delivery/app/recantopizzaria/menu,(47) 3433-6657,sim,sim,4.7,1463,OPERATIONAL,restaurant,hamburger_restaurant pizza_restaurant american_restaurant restaurant food point_of_interest establishment,https://maps.google.com/?cid=8241834959293677233&g_mp=Cidnb29nbGUubWFwcy5wbGFjZXMudjEuUGxhY2VzLlNlYXJjaFRleHQQAhgEIAA
Recanto Gastronômico,"R. Antônio Gonçalves, 29 - Espinheiros, Joinville - SC, 89228-700",https://www.instagram.com/recantogastronomico?igsh=amJ3a3poZ3pzZHI4,(47) 99174-8164,sim,sim,4.6,2795,OPERATIONAL,seafood_restaurant,seafood_restaurant restaurant food point_of_interest establishment,https://maps.google.com/?cid=13658744622641132421&g_mp=Cidnb29nbGUubWFwcy5wbGFjZXMudjEuUGxhY2VzLlNlYXJjaFRleHQQAhgEIAA
Recanto Parati,"R. Parati, 347 - Nova Brasília, Joinville - SC, 89213-200",,(47) 3426-0496,sim,sim,4.8,215,OPERATIONAL,diner,diner restaurant food point_of_interest establishment,https://maps.google.com/?cid=15634513266086234078&g_mp=Cidnb29nbGUubWFwcy5wbGFjZXMudjEuUGxhY2VzLlNlYXJjaFRleHQQAhgEIAA
Rei dos Lanches,"R. Santa Catarina, 129 - Floresta, Joinville - SC, 89211-305",https://www.instagram.com/rei_dos_lanches_floresta?igsh=ZTlpMWRlNGN5OWxy,(47) 98416-2965,sim,sim,4.7,285,OPERATIONAL,hamburger_restaurant,hamburger_restaurant pizza_restaurant american_restaurant restaurant food point_of_interest establishment,https://maps.google.com/?cid=663090044892317219&g_mp=Cidnb29nbGUubWFwcy5wbGFjZXMudjEuUGxhY2VzLlNlYXJjaFRleHQQAhgEIAA
REIS DA PIZZA - DELIVERY,"R. Guanabara, 2384 - Guanabara, Joinville - SC, 89229-000",http://www.reisdapizza.com.br/,(47) 3426-7000,sim,sim,4.2,739,OPERATIONAL,pizza_restaurant,pizza_restaurant restaurant food point_of_interest establishment,https://maps.google.com/?cid=9081178909714381214&g_mp=Cidnb29nbGUubWFwcy5wbGFjZXMudjEuUGxhY2VzLlNlYXJjaFRleHQQAhgEIAA
Restaurante Angélico's,"R. Iririú, 1073 - Saguaçu, Joinville - SC, 89227-045",https://www.instagram.com/restauranteangelicosiririu/,(47) 3025-6628,sim,sim,4.6,1322,OPERATIONAL,buffet_restaurant,buffet_restaurant restaurant food point_of_interest establishment,https://maps.google.com/?cid=15140987927075944861&g_mp=Cidnb29nbGUubWFwcy5wbGFjZXMudjEuUGxhY2VzLlNlYXJjaFRleHQQAhgEIAA
Restaurante Beira Mar,"R. Pref. Baltasar Buschle, 3219 - Espinheiros, Joinville - SC, 89228-799",,(47) 3434-0517,,sim,4.6,449,OPERATIONAL,restaurant,restaurant food point_of_interest establishment,https://maps.google.com/?cid=14850432732855091321&g_mp=Cidnb29nbGUubWFwcy5wbGFjZXMudjEuUGxhY2VzLlNlYXJjaFRleHQQAhgEIAA
Restaurante Casa Nova,"R. das Gaivotas, 23 - Iririú, Joinville - SC, 89227-573",,(47) 3437-8457,sim,sim,4.6,644,OPERATIONAL,buffet_restaurant,buffet_restaurant restaurant food point_of_interest establishment,https://maps.google.com/?cid=18174991637024743583&g_mp=Cidnb29nbGUubWFwcy5wbGFjZXMudjEuUGxhY2VzLlNlYXJjaFRleHQQAhgEIAA
Restaurante Didge Steakhouse Pub - Joinville,"R. Visc. de Taunay, 368 - Atiradores, Joinville - SC, 89203-005",https://www.didge.com.br/,(47) 3013-7704,sim,sim,4.7,7224,OPERATIONAL,australian_restaurant,australian_restaurant beer_garden steak_house hamburger_restaurant bar meal_delivery food_delivery american_restaurant restaurant food point_of_interest establishment,https://maps.google.com/?cid=11867638020609960162&g_mp=Cidnb29nbGUubWFwcy5wbGFjZXMudjEuUGxhY2VzLlNlYXJjaFRleHQQAhgEIAA
Restaurante do Nego,"R. Fátima, 504 - Itaum, Joinville - SC, 89230-183",https://www.restaurantedonego.com.br/,(47) 3441-0800,sim,sim,4.6,7459,OPERATIONAL,pizza_restaurant,pizza_restaurant pizza_delivery meal_delivery food_delivery restaurant food point_of_interest establishment,https://maps.google.com/?cid=12112680931127174222&g_mp=Cidnb29nbGUubWFwcy5wbGFjZXMudjEuUGxhY2VzLlNlYXJjaFRleHQQAhgEIAA
Restaurante do Zezinho e Eventos,"R. Pte. Serrada, 1008 - Comasa, Joinville - SC, 89228-271",https://www.instagram.com/zezinhoeventos/,(47) 3453-2785,sim,sim,4.6,1350,OPERATIONAL,buffet_restaurant,buffet_restaurant event_venue restaurant food point_of_interest service establishment,https://maps.google.com/?cid=3115531193397137584&g_mp=Cidnb29nbGUubWFwcy5wbGFjZXMudjEuUGxhY2VzLlNlYXJjaFRleHQQAhgEIAA
Restaurante Don Francesco,"Shopping Cidade das Flores - R. Mário Lobo, 106 - Centro, Joinville - SC, 89201-330",,(47) 3422-2752,,sim,4.3,228,OPERATIONAL,restaurant,restaurant buffet_restaurant italian_restaurant european_restaurant food point_of_interest establishment,https://maps.google.com/?cid=7365394624490992470&g_mp=Cidnb29nbGUubWFwcy5wbGFjZXMudjEuUGxhY2VzLlNlYXJjaFRleHQQAhgEIAA
Restaurante Don Yuri,"R. Mário Lobo, 106 - Centro, Joinville - SC, 89201-330",https://donyuri.com.br/,(47) 99976-2617,,sim,4.6,648,OPERATIONAL,brazilian_restaurant,brazilian_restaurant restaurant food point_of_interest establishment,https://maps.google.com/?cid=12961131553381477978&g_mp=Cidnb29nbGUubWFwcy5wbGFjZXMudjEuUGxhY2VzLlNlYXJjaFRleHQQAhgEIAA
Restaurante e Bistrô 2000,"R. Quinze de Outubro, 3425 - Rio Bonito, Joinville - SC, 89239-700",https://instagram.com/restaurante_2000,(47) 99964-6627,sim,sim,4.6,206,OPERATIONAL,brazilian_restaurant,brazilian_restaurant diner restaurant food point_of_interest establishment,https://maps.google.com/?cid=15381439879569855003&g_mp=Cidnb29nbGUubWFwcy5wbGFjZXMudjEuUGxhY2VzLlNlYXJjaFRleHQQAhgEIAA
Restaurante e Lanchonete Rota 418,"SC-418, 5918-25196 - Pirabeiraba, Joinville - SC, 89219-600",https://www.instagram.com/restauranterota418/,(47) 99751-0863,não,sim,4.6,877,OPERATIONAL,restaurant,restaurant food point_of_interest establishment,https://maps.google.com/?cid=1381704380522415817&g_mp=Cidnb29nbGUubWFwcy5wbGFjZXMudjEuUGxhY2VzLlNlYXJjaFRleHQQAhgEIAA
Restaurante e Petisqueira Bela Vista,"prainha vigoreli - Joinville, SC, 89226-831",https://www.instagram.com/bela_vista_petisqueira?igsh=bm9keTNuNm16MGM1,(47) 98410-5093,sim,sim,4.4,1276,OPERATIONAL,seafood_restaurant,seafood_restaurant bar restaurant food point_of_interest establishment,https://maps.google.com/?cid=7226205012147567089&g_mp=Cidnb29nbGUubWFwcy5wbGFjZXMudjEuUGxhY2VzLlNlYXJjaFRleHQQAhgEIAA
Restaurante e Pizzaria Globo,"Av. Getúlio Vargas, 1405 - Bucarein, Joinville - SC, 89202-295",https://pedir.delivery/app/globorestaurante/menu,(47) 98862-1011,sim,sim,4.1,212,OPERATIONAL,brazilian_restaurant,brazilian_restaurant restaurant food point_of_interest establishment,https://maps.google.com/?cid=17590255932435266200&g_mp=Cidnb29nbGUubWFwcy5wbGFjZXMudjEuUGxhY2VzLlNlYXJjaFRleHQQAhgEIAA
Restaurante e Pizzaria Opinião,"R. XV de Novembro, 7374 - Vila Nova, Joinville - SC, 89237-000",http://pizzariaopiniaovilanova.com.br/,(47) 3439-0207,,sim,4.5,1172,OPERATIONAL,buffet_restaurant,buffet_restaurant pizza_delivery meal_delivery food_delivery restaurant food point_of_interest establishment,https://maps.google.com/?cid=13654157170090952103&g_mp=Cidnb29nbGUubWFwcy5wbGFjZXMudjEuUGxhY2VzLlNlYXJjaFRleHQQAhgEIAA
Restaurante Encanto Paulista buffet livre,"R. Agulhas Negras, 220 - Jarivatuba, Joinville - SC, 89230-580",,(47) 3465-7038,sim,sim,4.5,111,OPERATIONAL,brazilian_restaurant,brazilian_restaurant restaurant food point_of_interest establishment,https://maps.google.com/?cid=18130776037117936834&g_mp=Cidnb29nbGUubWFwcy5wbGFjZXMudjEuUGxhY2VzLlNlYXJjaFRleHQQAhgEIAA
Restaurante Família Trentini,"R. Dr. João Colin, 318 - Centro, Joinville - SC, 89201-300",,(47) 99621-6605,não,sim,4.8,141,OPERATIONAL,brazilian_restaurant,brazilian_restaurant restaurant food point_of_interest establishment,https://maps.google.com/?cid=5872518338271636465&g_mp=Cidnb29nbGUubWFwcy5wbGFjZXMudjEuUGxhY2VzLlNlYXJjaFRleHQQAhgEIAA
Restaurante Guacamole Cocina Mexicana - Joinville,"R. Visc. de Taunay, 702 - Atiradores, Joinville - SC, 89203-062",https://www.guacamole.com.br/gcjl,(47) 99793-3977,sim,sim,4.7,9136,OPERATIONAL,mexican_restaurant,mexican_restaurant bar meal_delivery food_delivery restaurant food point_of_interest establishment,https://maps.google.com/?cid=14832610198556275130&g_mp=Cidnb29nbGUubWFwcy5wbGFjZXMudjEuUGxhY2VzLlNlYXJjaFRleHQQAhgEIAA
Restaurante JP,"R. Antônio Jorge Cecyn, 402 - Aventureiro, Joinville - SC, 89226-260",https://pedir.delivery/app/restaurantejp/menu,(47) 3025-6443,sim,sim,4.5,267,OPERATIONAL,brazilian_restaurant,brazilian_restaurant restaurant food point_of_interest establishment,https://maps.google.com/?cid=455109696546003633&g_mp=Cidnb29nbGUubWFwcy5wbGFjZXMudjEuUGxhY2VzLlNlYXJjaFRleHQQAhgEIAA
Restaurante Lanchonete e Pizzaria do Vizinho,"R. Santa Catarina, 2382 - Floresta, Joinville - SC, 89233-032",,(47) 3436-0630,sim,sim,4.6,70,OPERATIONAL,restaurant,restaurant food point_of_interest establishment,https://maps.google.com/?cid=5124349469078527504&g_mp=Cidnb29nbGUubWFwcy5wbGFjZXMudjEuUGxhY2VzLlNlYXJjaFRleHQQAhgEIAA
"Restaurante Sr Comilão | Buffet Livre R$29,90 | Marmitas | Assados aos fim de semana | Lanches |","R. Monsenhor Gercino, 4237 - Itaum, Joinville - SC, 89230-199",https://www.instagram.com/sr_comilao?igsh=bzVnMXJkZ3kzb2Vh,,sim,sim,2.3,22,OPERATIONAL,restaurant,restaurant steak_house brazilian_restaurant barbecue_restaurant meal_delivery food_delivery food point_of_interest establishment,https://maps.google.com/?cid=12241330681277028776&g_mp=Cidnb29nbGUubWFwcy5wbGFjZXMudjEuUGxhY2VzLlNlYXJjaFRleHQQAhgEIAA
Restaurante Zandoná 2,"Rod BR 101, km 47 - Nova Brasília, Joinville - SC, 89216-501",http://www.redezandona.com.br/,(47) 3436-1016,não,sim,4.3,11629,OPERATIONAL,brazilian_restaurant,brazilian_restaurant restaurant food point_of_interest establishment,https://maps.google.com/?cid=9441950938945920944&g_mp=Cidnb29nbGUubWFwcy5wbGFjZXMudjEuUGxhY2VzLlNlYXJjaFRleHQQAhgEIAA
Restaurante Zanella,"R. Anita Garibaldi, 1860 - Anita Garibaldi, Joinville - SC, 89203-332",,(47) 99187-5307,sim,sim,4.5,1247,OPERATIONAL,buffet_restaurant,buffet_restaurant restaurant food point_of_interest establishment,https://maps.google.com/?cid=12664951093612281570&g_mp=Cidnb29nbGUubWFwcy5wbGFjZXMudjEuUGxhY2VzLlNlYXJjaFRleHQQAhgEIAA
"Restaurante, Lanchonete e Pizzaria A Semente","R. João Maria Gonçalves, 22 - Rio Bonito, Joinville - SC, 89239-620",https://pedir.delivery/app/restaurantesemente/menu,(47) 98814-0704,sim,sim,4.5,170,OPERATIONAL,restaurant,snack_bar pizza_restaurant meal_takeaway restaurant food point_of_interest establishment,https://maps.google.com/?cid=13821085418490182595&g_mp=Cidnb29nbGUubWFwcy5wbGFjZXMudjEuUGxhY2VzLlNlYXJjaFRleHQQAhgEIAA
Ritter's Pizzaria,"R. Monsenhor Gercino, 5946 - João Costa, Joinville - SC, 89230-290",https://pedir.delivery/app/ritterspizzaria/menu,(47) 99685-0446,sim,sim,3,316,OPERATIONAL,pizza_restaurant,pizza_restaurant restaurant food point_of_interest establishment,https://maps.google.com/?cid=16439690305557361057&g_mp=Cidnb29nbGUubWFwcy5wbGFjZXMudjEuUGxhY2VzLlNlYXJjaFRleHQQAhgEIAA
Robert Delivery,"R. Uruguaiana, 3000 - Jardim Iririú, Joinville - SC, 89227-547",,(47) 99712-6681,sim,sim,4.3,27,OPERATIONAL,meal_delivery,meal_delivery food_delivery restaurant food point_of_interest establishment,https://maps.google.com/?cid=13160107014865457870&g_mp=Cidnb29nbGUubWFwcy5wbGFjZXMudjEuUGxhY2VzLlNlYXJjaFRleHQQAhgEIAA
Roda Pizza Araldi | Pizzaria Rodízio,"R. Dona Francisca, 4861 - Zona Industrial Norte, Joinville - SC, 89219-600",https://linktr.ee/rodapizzaaraldi,(47) 3025-1400,sim,sim,4.6,1845,OPERATIONAL,pizza_restaurant,pizza_restaurant pizza_delivery meal_delivery food_delivery meal_takeaway restaurant food point_of_interest establishment,https://maps.google.com/?cid=11827538209902938479&g_mp=Cidnb29nbGUubWFwcy5wbGFjZXMudjEuUGxhY2VzLlNlYXJjaFRleHQQAhgEIAA
Rogério Restaurante e Lanchonete,"R. Fraternidade, 12 - Nova Brasília, Joinville - SC, 89213-340",,(47) 3426-3088,sim,sim,4.5,550,OPERATIONAL,restaurant,restaurant food point_of_interest establishment,https://maps.google.com/?cid=8511163428031583226&g_mp=Cidnb29nbGUubWFwcy5wbGFjZXMudjEuUGxhY2VzLlNlYXJjaFRleHQQAhgEIAA
Roku Sushi - Delivery de Sushi em Joinville,"R. Janaúba, 644 - Jardim Iririú, Joinville - SC, 89224-280",https://delivery-rokusushi.menuintegrado.com.br/,,sim,sim,4.6,36,OPERATIONAL,meal_takeaway,meal_takeaway restaurant food point_of_interest establishment,https://maps.google.com/?cid=16026375185050258659&g_mp=Cidnb29nbGUubWFwcy5wbGFjZXMudjEuUGxhY2VzLlNlYXJjaFRleHQQAhgEIAA
Rota 53 pizzaria ltda,"R. Marquês de Maricá, 899 - Vila Nova, Joinville - SC, 89237-340",,(47) 99122-7439,sim,,5,4,OPERATIONAL,pizza_restaurant,pizza_restaurant restaurant food point_of_interest establishment,https://maps.google.com/?cid=6792905474092527115&g_mp=Cidnb29nbGUubWFwcy5wbGFjZXMudjEuUGxhY2VzLlNlYXJjaFRleHQQAhgEIAA
Rota pizzaria,"R. Pres. Campos Salles, 871 - 1 - Glória, Joinville - SC, 89217-100",,(47) 99712-1244,sim,sim,3.5,2,OPERATIONAL,pizza_restaurant,pizza_restaurant restaurant food point_of_interest establishment,https://maps.google.com/?cid=10332076555709713229&g_mp=Cidnb29nbGUubWFwcy5wbGFjZXMudjEuUGxhY2VzLlNlYXJjaFRleHQQAhgEIAA
Roxos por Açaí,"R. Santa Catarina, 1318 - Floresta, Joinville - SC, 89211-301",https://www.facebook.com/roxos.poracai,(47) 3801-0203,sim,sim,4.6,1046,OPERATIONAL,snack_bar,snack_bar meal_takeaway restaurant food point_of_interest establishment,https://maps.google.com/?cid=13369078977668104403&g_mp=Cidnb29nbGUubWFwcy5wbGFjZXMudjEuUGxhY2VzLlNlYXJjaFRleHQQAhgEIAA
RS Restaurante e Pizzaria,"R. Rui Barbosa, 2247 - Costa e Silva, Joinville - SC, 89220-100",,(47) 3026-5686,sim,sim,4.2,143,OPERATIONAL,buffet_restaurant,buffet_restaurant restaurant food point_of_interest establishment,https://maps.google.com/?cid=12796837953220826565&g_mp=Cidnb29nbGUubWFwcy5wbGFjZXMudjEuUGxhY2VzLlNlYXJjaFRleHQQAhgEIAA
Ru.fino Bar,"R. XV de Novembro, 74 - Centro, Joinville - SC, 89201-600",,,,,4.5,199,OPERATIONAL,bar,bar point_of_interest establishment,https://maps.google.com/?cid=2990999283480889141&g_mp=Cidnb29nbGUubWFwcy5wbGFjZXMudjEuUGxhY2VzLlNlYXJjaFRleHQQAhgEIAA
Rush Pizza Delivery,"R. Iririú, 613 - Saguaçu, Joinville - SC, 89227-045",,(47) 3278-2500,sim,sim,3.3,7,OPERATIONAL,pizza_delivery,pizza_delivery pizza_restaurant meal_delivery food_delivery restaurant food point_of_interest establishment,https://maps.google.com/?cid=16331132025085021722&g_mp=Cidnb29nbGUubWFwcy5wbGFjZXMudjEuUGxhY2VzLlNlYXJjaFRleHQQAhgEIAA
Rustic House Restaurante e Pizzaria,"R. Anaburgo, 2357 - Zona Industrial Norte, Joinville - SC, 89219-630",,(47) 99689-0933,sim,sim,4.6,131,OPERATIONAL,pizza_restaurant,pizza_restaurant restaurant food point_of_interest establishment,https://maps.google.com/?cid=13369888822252556518&g_mp=Cidnb29nbGUubWFwcy5wbGFjZXMudjEuUGxhY2VzLlNlYXJjaFRleHQQAhgEIAA
Sabor Indiano,"Av. Cel. Procópio Gomes, 572 - Bucarein, Joinville - SC, 89202-300",https://www.instagram.com/sabor_indiano?igsh=OThuOGcyMXE0djVm&utm_source=qr,(47) 98909-0689,sim,,5,170,OPERATIONAL,indian_restaurant,indian_restaurant restaurant food point_of_interest establishment,https://maps.google.com/?cid=7534301507636361819&g_mp=Cidnb29nbGUubWFwcy5wbGFjZXMudjEuUGxhY2VzLlNlYXJjaFRleHQQAhgEIAA
Sabores do Norte,"R. Marquês de Maricá, 76 - Vila Nova, Joinville - SC, 89237-340",https://saboresdonortejoinville.com.br/,(47) 98929-4647,sim,sim,4.4,127,OPERATIONAL,restaurant,restaurant food point_of_interest establishment,https://maps.google.com/?cid=13051346954009549011&g_mp=Cidnb29nbGUubWFwcy5wbGFjZXMudjEuUGxhY2VzLlNlYXJjaFRleHQQAhgEIAA
Sabores do Sul,"R. Cilézio Roberto Silveira, 53 - Vila Nova, Joinville - SC, 89237-341",,3434-0104,sim,sim,4.5,344,OPERATIONAL,snack_bar,snack_bar fast_food_restaurant meal_takeaway restaurant food point_of_interest establishment,https://maps.google.com/?cid=13895963074597473928&g_mp=Cidnb29nbGUubWFwcy5wbGFjZXMudjEuUGxhY2VzLlNlYXJjaFRleHQQAhgEIAA
Saldanha Pizzas e Lanches,"R. Adolfo da Veiga, 91 - Boehmerwald, Joinville - SC, 89235-000",,(47) 3465-4141,sim,sim,4.6,8,OPERATIONAL,pizza_restaurant,pizza_restaurant snack_bar meal_takeaway restaurant food point_of_interest establishment,https://maps.google.com/?cid=3397215311879319677&g_mp=Cidnb29nbGUubWFwcy5wbGFjZXMudjEuUGxhY2VzLlNlYXJjaFRleHQQAhgEIAA
"Salvador Vegan Café, Livros e Discos","Rua Henrique Meyer, 61 - Centro, Joinville - SC, 89201-000",http://instagram.com/salvadorvegancafe,(47) 3511-2657,sim,sim,4.8,536,OPERATIONAL,coffee_shop,coffee_shop vegan_restaurant vegetarian_restaurant diner book_store cafe food_store store restaurant food point_of_interest establishment,https://maps.google.com/?cid=8396791380405158771&g_mp=Cidnb29nbGUubWFwcy5wbGFjZXMudjEuUGxhY2VzLlNlYXJjaFRleHQQAhgEIAA
Sannapo Pizza,"R. Blumenau, 2555 - América, Joinville - SC, 89204-413",,,sim,sim,4.7,228,OPERATIONAL,pizza_restaurant,pizza_restaurant pizza_delivery meal_delivery food_delivery meal_takeaway restaurant food point_of_interest establishment,https://maps.google.com/?cid=15778082026328854803&g_mp=Cidnb29nbGUubWFwcy5wbGFjZXMudjEuUGxhY2VzLlNlYXJjaFRleHQQAhgEIAA
Sanolli Pizzas e Massas,"R. Guanabara, 906 - Guanabara, Joinville - SC, 89207-300",https://pedir.delivery/sanolli,(47) 3426-7777,sim,sim,4.7,555,OPERATIONAL,italian_restaurant,italian_restaurant european_restaurant restaurant food point_of_interest establishment,https://maps.google.com/?cid=17195193848552628764&g_mp=Cidnb29nbGUubWFwcy5wbGFjZXMudjEuUGxhY2VzLlNlYXJjaFRleHQQAhgEIAA
Santa Massa Delivery - Pizzaria,"R. Cidade de Vera Cruz, 73 - Profipo, Joinville - SC, 89233-450",https://osantaemassa.com.br/santa_massa_delivery,(47) 99715-0585,sim,,4.8,75,OPERATIONAL,pizza_restaurant,pizza_restaurant restaurant food point_of_interest establishment,https://maps.google.com/?cid=3477091696312945801&g_mp=Cidnb29nbGUubWFwcy5wbGFjZXMudjEuUGxhY2VzLlNlYXJjaFRleHQQAhgEIAA
Santa Pizza Delivery - Joinville,"R. Iririú, 3125 - Iririú, Joinville - SC, 89227-021",,(47) 3027-6700,sim,sim,5,2,OPERATIONAL,pizza_delivery,pizza_delivery meal_delivery food_delivery food point_of_interest establishment,https://maps.google.com/?cid=13146084333146363965&g_mp=Cidnb29nbGUubWFwcy5wbGFjZXMudjEuUGxhY2VzLlNlYXJjaFRleHQQAhgEIAA
Santa Távola Pizzaria Napoletana,"R. Cineasta Leon Hirszmann, 100 - fundos - Itinga, Joinville - SC, 89235-190",https://pedir.delivery/santatavolapizzaria,(47) 99190-9212,sim,,4.9,40,OPERATIONAL,pizza_restaurant,pizza_restaurant pizza_delivery meal_delivery food_delivery restaurant food point_of_interest establishment,https://maps.google.com/?cid=2061731294036678197&g_mp=Cidnb29nbGUubWFwcy5wbGFjZXMudjEuUGxhY2VzLlNlYXJjaFRleHQQAhgEIAA
Santo Basílico Pizzaria,"Zap ( 47 - 99237.9769 - Floresta, Joinville - SC, 89211-000",https://instagram.com/santo_basilico?igshid=YmMyMTA2M2Y=,(47) 99768-6665,sim,sim,4.7,182,OPERATIONAL,pizza_restaurant,pizza_restaurant restaurant food point_of_interest establishment,https://maps.google.com/?cid=10643388326529571848&g_mp=Cidnb29nbGUubWFwcy5wbGFjZXMudjEuUGxhY2VzLlNlYXJjaFRleHQQAhgEIAA
Santory Pizzaria,"R. Francisco Cristofolini, 326 - Vila Nova, Joinville - SC, 89237-430",https://santorypizzaria.com.br/,(47) 3453-1972,sim,sim,4.3,218,OPERATIONAL,pizza_delivery,pizza_delivery meal_delivery food_delivery food point_of_interest establishment,https://maps.google.com/?cid=14077318814585878151&g_mp=Cidnb29nbGUubWFwcy5wbGFjZXMudjEuUGxhY2VzLlNlYXJjaFRleHQQAhgEIAA
Santô Fogão & Brasa,"R. Quinze de Outubro - Rio Bonito (Piraberaba), Joinville - SC, 89239-700",,(47) 99114-9491,sim,sim,4.8,64,OPERATIONAL,brazilian_restaurant,brazilian_restaurant restaurant food point_of_interest establishment,https://maps.google.com/?cid=8472122138842056115&g_mp=Cidnb29nbGUubWFwcy5wbGFjZXMudjEuUGxhY2VzLlNlYXJjaFRleHQQAhgEIAA
Sensação da pizza,"090 - R. Areia Branca, 745 - Jardim Iririú, Joinville - SC, 89224-475",https://www.instagram.com/sensacao_da_pizza?igsh=cXRnOGg0b2NwbHQ4,(47) 3435-4000,sim,sim,4.1,434,OPERATIONAL,pizza_restaurant,pizza_restaurant fast_food_restaurant restaurant food point_of_interest establishment,https://maps.google.com/?cid=963945766502521741&g_mp=Cidnb29nbGUubWFwcy5wbGFjZXMudjEuUGxhY2VzLlNlYXJjaFRleHQQAhgEIAA
Sereia Lanches,"Av. Cel. Procópio Gomes, 80 - Centro, Joinville - SC, 89202-300",http://www.sereialanches.com.br/,(47) 3422-2781,sim,sim,4.6,2862,OPERATIONAL,snack_bar,snack_bar hamburger_restaurant fast_food_restaurant pizza_restaurant american_restaurant meal_takeaway restaurant food point_of_interest establishment,https://maps.google.com/?cid=2101986190689288355&g_mp=Cidnb29nbGUubWFwcy5wbGFjZXMudjEuUGxhY2VzLlNlYXJjaFRleHQQAhgEIAA
Serviços de Miniescavadeira Rêgi,"R. Nacar, 605 - Guanabara, Joinville - SC, 89207-201",,(47) 99138-3313,,,3.5,2,OPERATIONAL,pizza_restaurant,pizza_restaurant restaurant food point_of_interest establishment,https://maps.google.com/?cid=10183183798518889792&g_mp=Cidnb29nbGUubWFwcy5wbGFjZXMudjEuUGxhY2VzLlNlYXJjaFRleHQQAhgEIAA
Seu Madruga Pizzaria,"R. Adolfo da Veiga, 91 - Boehmerwald, Joinville - SC, 89235-000",https://pedir.delivery/app/seumadrugapizzaria/menu,(47) 99961-3662,sim,sim,4.5,214,OPERATIONAL,pizza_restaurant,pizza_restaurant restaurant food point_of_interest establishment,https://maps.google.com/?cid=7757620594350258370&g_mp=Cidnb29nbGUubWFwcy5wbGFjZXMudjEuUGxhY2VzLlNlYXJjaFRleHQQAhgEIAA
Shabat Pizzas,"R. Ottokar Kaiser, 227 - Glória, Joinville - SC, 89216-364",https://instagram.com/shabatpizzas?igshid=YmMyMTA2M2Y=,(47) 99691-1002,sim,sim,5,3,OPERATIONAL,pizza_delivery,pizza_delivery meal_delivery food_delivery food point_of_interest establishment,https://maps.google.com/?cid=2983702066806165931&g_mp=Cidnb29nbGUubWFwcy5wbGFjZXMudjEuUGxhY2VzLlNlYXJjaFRleHQQAhgEIAA
Shakeria Aventureiro Neide,"R. Pica-Pau, 587 - Aventureiro, Joinville - SC, 89226-030",,(47) 98441-5159,sim,,5,15,OPERATIONAL,food,food point_of_interest establishment,https://maps.google.com/?cid=6038356906859640146&g_mp=Cidnb29nbGUubWFwcy5wbGFjZXMudjEuUGxhY2VzLlNlYXJjaFRleHQQAhgEIAA
Shopping dos Presentes Joinville,"R. São Paulo, 1182 - Bucarein, Joinville - SC, 89211-570",,(47) 3407-1317,sim,,4.4,1133,OPERATIONAL,store,store point_of_interest establishment,https://maps.google.com/?cid=7809538479029237945&g_mp=Cidnb29nbGUubWFwcy5wbGFjZXMudjEuUGxhY2VzLlNlYXJjaFRleHQQAhgEIAA
Sorveteria Stilos,"R. Florianópolis, 3283 - Fátima, Joinville - SC, 89230-065",https://linktr.ee/stilossorvetes,(47) 99628-4670,,,4.8,253,OPERATIONAL,ice_cream_shop,ice_cream_shop dessert_shop confectionery food_store store food point_of_interest establishment,https://maps.google.com/?cid=13074517084549082581&g_mp=Cidnb29nbGUubWFwcy5wbGFjZXMudjEuUGxhY2VzLlNlYXJjaFRleHQQAhgEIAA
Soròzinha Lanches e Pizzaria,"Av. Alwino Hansen, 234 - Adhemar Garcia, Joinville - SC, 89230-700",https://pedir.delivery/sorozinhalanches,(47) 3436-7047,,sim,4.7,402,OPERATIONAL,snack_bar,snack_bar pizza_restaurant meal_takeaway restaurant food point_of_interest establishment,https://maps.google.com/?cid=13488882692668004216&g_mp=Cidnb29nbGUubWFwcy5wbGFjZXMudjEuUGxhY2VzLlNlYXJjaFRleHQQAhgEIAA
Spoleto Joinville MM,"R. Blumenau, 776 - de 602 a 1316 - lado par - América, Joinville - SC, 89204-322",https://www.spoleto.com.br/tabs/restaurantes,(21) 3900-0661,sim,sim,3.5,22,OPERATIONAL,italian_restaurant,italian_restaurant european_restaurant restaurant food point_of_interest establishment,https://maps.google.com/?cid=16080644174309286604&g_mp=Cidnb29nbGUubWFwcy5wbGFjZXMudjEuUGxhY2VzLlNlYXJjaFRleHQQAhgEIAA
Sponta Pizza & Bar – Joinville,"R. 9 de Março, 806 - Centro, Joinville - SC, 89201-400",https://ibisjoinville.atriohoteis.com.br/,,,,,,OPERATIONAL,pizza_restaurant,pizza_restaurant restaurant food point_of_interest establishment,https://maps.google.com/?cid=17048448725036098583&g_mp=Cidnb29nbGUubWFwcy5wbGFjZXMudjEuUGxhY2VzLlNlYXJjaFRleHQQAhgEIAA
Stella Lanchonete,"R. Olavo Bilac, 343 - Pirabeiraba, Joinville - SC, 89239-100",https://pedir.delivery/stellalanchespirabeiraba,(47) 99734-4327,sim,sim,4.3,161,OPERATIONAL,snack_bar,snack_bar meal_takeaway restaurant food point_of_interest establishment,https://maps.google.com/?cid=16645058937115395782&g_mp=Cidnb29nbGUubWFwcy5wbGFjZXMudjEuUGxhY2VzLlNlYXJjaFRleHQQAhgEIAA
Suburbanos Pizza - Joinville,"R. Papa João XXIII, 1360 - Iririú, Joinville - SC, 89227-301",https://deliverydireto.com.br/suburbanos/joinville,0800 513 0800,sim,sim,4.5,76,OPERATIONAL,pizza_restaurant,pizza_restaurant restaurant food point_of_interest establishment,https://maps.google.com/?cid=13771004814253267285&g_mp=Cidnb29nbGUubWFwcy5wbGFjZXMudjEuUGxhY2VzLlNlYXJjaFRleHQQAhgEIAA
"Sul Bar - Bar e Lanchonete no Floresta, Joinville","R. Santa Catarina, 908 - Floresta, Joinville - SC, 89211-300",,(47) 99686-8111,não,sim,4.8,40,OPERATIONAL,cocktail_bar,cocktail_bar snack_bar bar meal_takeaway restaurant food point_of_interest establishment,https://maps.google.com/?cid=2752160947678656807&g_mp=Cidnb29nbGUubWFwcy5wbGFjZXMudjEuUGxhY2VzLlNlYXJjaFRleHQQAhgEIAA
Sul Pizzas,"R. Waldemiro José Borges, 1870 - Boehmerwald, Joinville - SC, 89233-550",https://pedir.delivery/app/sulpizzas/pizza,(47) 98484-7606,sim,sim,4.4,3450,OPERATIONAL,pizza_restaurant,pizza_restaurant restaurant food point_of_interest establishment,https://maps.google.com/?cid=12849913651694074698&g_mp=Cidnb29nbGUubWFwcy5wbGFjZXMudjEuUGxhY2VzLlNlYXJjaFRleHQQAhgEIAA
SUPER PIZZA E CAFÉ🍕☕,"R. Universidade, 898 - local NRO 2 - Boehmerwald, Joinville - SC, 89235-400",http://tiktok.com/@super.pizzaoficial,(47) 99728-4886,sim,sim,5,3,OPERATIONAL,pizza_restaurant,pizza_restaurant restaurant food point_of_interest establishment,https://maps.google.com/?cid=6125129919105571678&g_mp=Cidnb29nbGUubWFwcy5wbGFjZXMudjEuUGxhY2VzLlNlYXJjaFRleHQQAhgEIAA
Super Pizza Joinville,"Zap ( 47 - 99237.9769 - Saguaçu, Joinville - SC, 89221-290",https://superpizzajoinville.com.br/,(47) 3423-3193,sim,sim,4.5,145,OPERATIONAL,pizza_delivery,pizza_delivery pizza_restaurant meal_delivery food_delivery fast_food_restaurant restaurant food point_of_interest establishment,https://maps.google.com/?cid=5691635238249827423&g_mp=Cidnb29nbGUubWFwcy5wbGFjZXMudjEuUGxhY2VzLlNlYXJjaFRleHQQAhgEIAA
São João Pizzaria - Joinville,"R. Dona Francisca, 3262 - Saguaçu, Joinville - SC, 89221-009",https://pedir.delivery/app/saojoao-joinville/menu,(47) 3432-7000,sim,sim,4.6,15,OPERATIONAL,pizza_restaurant,pizza_restaurant restaurant food point_of_interest establishment,https://maps.google.com/?cid=13617312699160834756&g_mp=Cidnb29nbGUubWFwcy5wbGFjZXMudjEuUGxhY2VzLlNlYXJjaFRleHQQAhgEIAA
Só Pizza Delivery e Smash Burguer,"R. Minas Gerais, 5600 - Morro do Meio, Joinville - SC, 89215-000",https://wa.me/554720500699,(47) 2050-0699,sim,,4.6,29,OPERATIONAL,pizza_delivery,pizza_delivery meal_delivery food_delivery food point_of_interest establishment,https://maps.google.com/?cid=7848506820878819868&g_mp=Cidnb29nbGUubWFwcy5wbGFjZXMudjEuUGxhY2VzLlNlYXJjaFRleHQQAhgEIAA
Só Rodízio Pizzaria Papadelli,"R. Monsenhor Gercino, 2092 - Itaum, Joinville - SC, 89210-155",https://www.sorodiziopapadelli.com.br/,(47) 99914-5877,,,4.2,2367,OPERATIONAL,pizza_restaurant,pizza_restaurant restaurant food point_of_interest establishment,https://maps.google.com/?cid=15957125875020762939&g_mp=Cidnb29nbGUubWFwcy5wbGFjZXMudjEuUGxhY2VzLlNlYXJjaFRleHQQAhgEIAA
Tauros Burguer,"R. Florianópolis, 2846 - Fátima, Joinville - SC, 89229-348",https://pedir.delivery/tauroslanches,(47) 99285-3829,sim,sim,4.6,38,OPERATIONAL,snack_bar,snack_bar meal_takeaway restaurant food point_of_interest establishment,https://maps.google.com/?cid=5977343364955518004&g_mp=Cidnb29nbGUubWFwcy5wbGFjZXMudjEuUGxhY2VzLlNlYXJjaFRleHQQAhgEIAA
Território da Pizza,"R. Graciosa, 232 - Guanabara, Joinville - SC, 89207-100",http://pedir.delivery/app/territoriodapizza,(47) 3031-0909,sim,sim,4.6,879,OPERATIONAL,pizza_restaurant,pizza_restaurant restaurant food point_of_interest establishment,https://maps.google.com/?cid=12715974853830029695&g_mp=Cidnb29nbGUubWFwcy5wbGFjZXMudjEuUGxhY2VzLlNlYXJjaFRleHQQAhgEIAA
Thiago Tank Pizzaria Expert,"R. Alfredo Marquardt, 73 - Saguaçu, Joinville - SC, 89221-290",https://www.thiagotankpizzariaexpert.com.br/,(47) 99670-0170,sim,,,,OPERATIONAL,pizza_restaurant,pizza_restaurant restaurant food point_of_interest establishment,https://maps.google.com/?cid=6161620118563542683&g_mp=Cidnb29nbGUubWFwcy5wbGFjZXMudjEuUGxhY2VzLlNlYXJjaFRleHQQAhgEIAA
Tia Cris Lanchonete & Pastelaria,"R. Boehmerwald, 2121 - Boehmerwald, Joinville - SC, 89232-486",https://pedido.anota.ai/loja/godines-lanches-2?f=msa,(47) 99643-0374,sim,sim,4.5,109,OPERATIONAL,snack_bar,snack_bar shawarma_restaurant brazilian_restaurant bar spanish_restaurant middle_eastern_restaurant european_restaurant meal_takeaway restaurant food point_of_interest establishment,https://maps.google.com/?cid=11412163576345625577&g_mp=Cidnb29nbGUubWFwcy5wbGFjZXMudjEuUGxhY2VzLlNlYXJjaFRleHQQAhgEIAA
Tipti Restaurante e Pizzaria,"R. Anita Garibaldi, 142 - Anita Garibaldi, Joinville - SC, 89203-300",,(47) 99208-0324,sim,sim,4,1689,OPERATIONAL,pizza_restaurant,pizza_restaurant restaurant food point_of_interest establishment,https://maps.google.com/?cid=17843196135503358226&g_mp=Cidnb29nbGUubWFwcy5wbGFjZXMudjEuUGxhY2VzLlNlYXJjaFRleHQQAhgEIAA
Tomázia Pizzaria,"R. do Porto, 1314-1620 - Jardim Iririú, Joinville - SC, 89224-090",,(47) 3437-8429,sim,sim,4.5,211,OPERATIONAL,pizza_restaurant,pizza_restaurant fast_food_restaurant restaurant food point_of_interest establishment,https://maps.google.com/?cid=3787479877459094011&g_mp=Cidnb29nbGUubWFwcy5wbGFjZXMudjEuUGxhY2VzLlNlYXJjaFRleHQQAhgEIAA
Top Lanches da Z,"R. Paranaguamirim, 407 - Paranaguamirim, Joinville - SC, 89245-000",,(47) 99628-8040,sim,sim,4.4,206,OPERATIONAL,snack_bar,snack_bar meal_takeaway restaurant food point_of_interest establishment,https://maps.google.com/?cid=17094722352271349655&g_mp=Cidnb29nbGUubWFwcy5wbGFjZXMudjEuUGxhY2VzLlNlYXJjaFRleHQQAhgEIAA
Totens Pizzarias,"R. XV de Novembro, 4621 - Glória, Joinville - SC, 89237-003",http://link.vocepede.online/totens,(47) 3029-2221,,sim,4.5,3123,OPERATIONAL,pizza_restaurant,pizza_restaurant restaurant food point_of_interest establishment,https://maps.google.com/?cid=6527067168958503810&g_mp=Cidnb29nbGUubWFwcy5wbGFjZXMudjEuUGxhY2VzLlNlYXJjaFRleHQQAhgEIAA
Tratto pizzaria,"Saguaçu, Joinville - SC, 89221-750",https://pedido.anota.ai/loja/tratto-hamburgueria-hambrguer-artesanal?f=msa,,sim,,5,2,OPERATIONAL,pizza_delivery,pizza_delivery meal_delivery food_delivery food point_of_interest establishment,https://maps.google.com/?cid=16055970064906878098&g_mp=Cidnb29nbGUubWFwcy5wbGFjZXMudjEuUGxhY2VzLlNlYXJjaFRleHQQAhgEIAA
TROPCANA,"R. Monsenhor Gercino, 4926 - 1 - João Costa, Joinville - SC, 89230-290",,(47) 98817-0423,sim,sim,4.7,82,OPERATIONAL,brazilian_restaurant,brazilian_restaurant restaurant food point_of_interest establishment,https://maps.google.com/?cid=8251509262004116199&g_mp=Cidnb29nbGUubWFwcy5wbGFjZXMudjEuUGxhY2VzLlNlYXJjaFRleHQQAhgEIAA
Truck Valley Food Park,"R. Florianópolis, 1380 - Guanabara, Joinville - SC, 89210-795",,,sim,,4.6,446,OPERATIONAL,food_court,food_court food point_of_interest establishment,https://maps.google.com/?cid=15266748190525232999&g_mp=Cidnb29nbGUubWFwcy5wbGFjZXMudjEuUGxhY2VzLlNlYXJjaFRleHQQAhgEIAA
Trudy's Restaurante,"R. Tuiuti, 4157 - Aventureiro, Joinville - SC, 89226-001",https://www.trudysrestaurante.com.br/,(47) 4009-2602,não,sim,5,3,OPERATIONAL,buffet_restaurant,buffet_restaurant coffee_shop cafe food_store meal_takeaway store restaurant food point_of_interest establishment,https://maps.google.com/?cid=11334274338013500977&g_mp=Cidnb29nbGUubWFwcy5wbGFjZXMudjEuUGxhY2VzLlNlYXJjaFRleHQQAhgEIAA
TRËMA - HANDS ON PIZZA,"R. Otto Boehm, 848 - América, Joinville - SC, 89201-700",https://www.instagram.com/tremapizza?igsh=MXVxbmg4Mjg4ejhmYQ==,,,sim,4.7,67,OPERATIONAL,pizza_restaurant,pizza_restaurant restaurant food point_of_interest establishment,https://maps.google.com/?cid=4317166968260955054&g_mp=Cidnb29nbGUubWFwcy5wbGFjZXMudjEuUGxhY2VzLlNlYXJjaFRleHQQAhgEIAA
Tá Chovendo Hambúrguer Porções e Lanches,"R. Raul Pascoal Fernandes, 449 - Adhemar Garcia, Joinville - SC, 89230-707",,(47) 98435-5637,sim,,4.6,24,OPERATIONAL,restaurant,restaurant food point_of_interest establishment,https://maps.google.com/?cid=17530655783915813240&g_mp=Cidnb29nbGUubWFwcy5wbGFjZXMudjEuUGxhY2VzLlNlYXJjaFRleHQQAhgEIAA
Universo Mágico - Pizzaria Temática,"Av. Cel. Procópio Gomes, 1032 - Bucarein, Joinville - SC, 89202-300",https://pedir.delivery/app/universomagico/menu,(47) 99636-9548,sim,sim,4.8,1542,OPERATIONAL,pizza_restaurant,pizza_restaurant restaurant food point_of_interest establishment,https://maps.google.com/?cid=10401209181414857023&g_mp=Cidnb29nbGUubWFwcy5wbGFjZXMudjEuUGxhY2VzLlNlYXJjaFRleHQQAhgEIAA
Veigas Lanches (Aventureiro),"R. Guaíra, 1108 - Jardim Iririú, Joinville - SC, 89227-447",http://www.facebook.com/veigaslanches,(47) 99244-8429,sim,sim,4.6,943,OPERATIONAL,snack_bar,snack_bar courier_service hamburger_restaurant shipping_service fast_food_restaurant meal_delivery food_delivery american_restaurant meal_takeaway restaurant food point_of_interest service establishment,https://maps.google.com/?cid=8020216713175970489&g_mp=Cidnb29nbGUubWFwcy5wbGFjZXMudjEuUGxhY2VzLlNlYXJjaFRleHQQAhgEIAA
Veigas Lanches Costa e Silva,"R. Codornas, 148 - Costa e Silva, Joinville - SC, 89220-050",https://veigascostaesilva.menudino.com/,(47) 99638-2591,sim,sim,4.7,129,OPERATIONAL,snack_bar,snack_bar hamburger_restaurant american_restaurant meal_takeaway restaurant food point_of_interest establishment,https://maps.google.com/?cid=18238344404922544791&g_mp=Cidnb29nbGUubWFwcy5wbGFjZXMudjEuUGxhY2VzLlNlYXJjaFRleHQQAhgEIAA
Veneto Pizzeria,"R. Cidade de Sumidouro, 260 - Profipo, Joinville - SC, 89233-240",,(47) 98800-7599,sim,sim,5,366,OPERATIONAL,pizza_restaurant,pizza_restaurant restaurant food point_of_interest establishment,https://maps.google.com/?cid=9437609201784241731&g_mp=Cidnb29nbGUubWFwcy5wbGFjZXMudjEuUGxhY2VzLlNlYXJjaFRleHQQAhgEIAA
Veneza Burger,"Rua Marechal Luz, 1018 - Fátima, Joinville - SC, 89229-120",http://pedir.delivery/venezaburger,(47) 99950-6763,sim,sim,4.6,110,OPERATIONAL,hamburger_restaurant,hamburger_restaurant american_restaurant restaurant food point_of_interest establishment,https://maps.google.com/?cid=18362236230799794131&g_mp=Cidnb29nbGUubWFwcy5wbGFjZXMudjEuUGxhY2VzLlNlYXJjaFRleHQQAhgEIAA
Veneza Massas Artesanais,"R. Pref. Baltasar Buschle, 552 - Boa Vista, Joinville - SC, 89228-000",https://www.ifood.com.br/delivery/joinville-sc/veneza-massas-artesanais-bom-retiro/65840b37-602a-40c7-94c1-0a5a56b939e0?utm_medium=share,(47) 99178-8487,sim,,4.9,227,OPERATIONAL,italian_restaurant,italian_restaurant meal_delivery food_delivery european_restaurant restaurant food point_of_interest establishment,https://maps.google.com/?cid=4523004130655156515&g_mp=Cidnb29nbGUubWFwcy5wbGFjZXMudjEuUGxhY2VzLlNlYXJjaFRleHQQAhgEIAA
Via Roma Pizza e Sushi Joinville,"Zap ( 47 - 99237.9769 - Iririú, Joinville - SC, 89227-301",https://viaromapizzariaesushi.com.br/,(47) 3428-0800,sim,sim,4.6,381,OPERATIONAL,pizza_restaurant,pizza_restaurant sushi_restaurant pizza_delivery meal_delivery food_delivery japanese_restaurant restaurant food point_of_interest establishment,https://maps.google.com/?cid=1338830686000250972&g_mp=Cidnb29nbGUubWFwcy5wbGFjZXMudjEuUGxhY2VzLlNlYXJjaFRleHQQAhgEIAA
Vicenza Festas & Eventos,"R. Copacabana - Floresta, Joinville - SC, 89211-380",,(47) 99766-8981,,,,,OPERATIONAL,pizza_restaurant,pizza_restaurant restaurant food point_of_interest establishment,https://maps.google.com/?cid=14108906284263677415&g_mp=Cidnb29nbGUubWFwcy5wbGFjZXMudjEuUGxhY2VzLlNlYXJjaFRleHQQAhgEIAA
Vicenza Pizzaria e Restaurante | Rodízio de Pizzas | Restaurante de Buffet Livre | Restaurante com espaço Kids,"R. Copacabana, 1715 - Floresta, Joinville - SC, 89211-380",https://www.instagram.com/pizzariavicenza_?igsh=ang4M2M5c21vMGd3,(47) 99162-8981,sim,sim,4.3,2755,OPERATIONAL,pizza_restaurant,pizza_restaurant banquet_hall amusement_park event_venue meal_takeaway service restaurant food point_of_interest establishment,https://maps.google.com/?cid=7810233567687041520&g_mp=Cidnb29nbGUubWFwcy5wbGFjZXMudjEuUGxhY2VzLlNlYXJjaFRleHQQAhgEIAA
Vintage Pastéis Gourmet,"R. Dona Francisca, 3295 - Saguaçu, Joinville - SC, 89221-009",https://www.instagram.com/vintagepastelariagourmet/,,sim,sim,4.4,479,OPERATIONAL,brazilian_restaurant,brazilian_restaurant restaurant food point_of_interest establishment,https://maps.google.com/?cid=9688612108221986751&g_mp=Cidnb29nbGUubWFwcy5wbGFjZXMudjEuUGxhY2VzLlNlYXJjaFRleHQQAhgEIAA
Vip Pizzaria e Hamburgueria,"R. Álvaro Maia, 764 - Ulysses Guimarães, Joinville - SC, 89230-610",https://pedir.delivery/vippizzasehamburguer?src=wabot&wpu=dlaJzA2mz&u=4ba85516d5,(47) 3085-0272,sim,sim,4.6,105,OPERATIONAL,pizza_restaurant,pizza_restaurant restaurant food point_of_interest establishment,https://maps.google.com/?cid=1029921837215168649&g_mp=Cidnb29nbGUubWFwcy5wbGFjZXMudjEuUGxhY2VzLlNlYXJjaFRleHQQAhgEIAA
Vip pizzaria e Hamburgueria Paranaguamirim,"R. Elizabeth Rech, 417 - Paranaguamirim, Joinville - SC, 89231-600",https://linkbio.co/7040517swGpgz,(47) 93383-0170,sim,,4.9,56,OPERATIONAL,meal_takeaway,meal_takeaway restaurant food point_of_interest establishment,https://maps.google.com/?cid=8180284775908364386&g_mp=Cidnb29nbGUubWFwcy5wbGFjZXMudjEuUGxhY2VzLlNlYXJjaFRleHQQAhgEIAA
Vip pizzaria Hamburgueria Anita,"R. Anita Garibaldi, 830 - Anita Garibaldi, Joinville - SC, 89203-332",https://pedir.delivery/app/vippizzariaanitta/menu,(47) 98837-2820,sim,,,,OPERATIONAL,pizza_delivery,pizza_delivery meal_delivery food_delivery food point_of_interest establishment,https://maps.google.com/?cid=7817707787974950735&g_mp=Cidnb29nbGUubWFwcy5wbGFjZXMudjEuUGxhY2VzLlNlYXJjaFRleHQQAhgEIAA
Virado no Alho Restaurante e Choperia,"R. Simão Krüger, 50 - Floresta, Joinville - SC, 89212-330",https://pedir.delivery/app/viradonoalhorestaurante/menu,(47) 99199-9607,sim,sim,4.4,2913,OPERATIONAL,brazilian_restaurant,brazilian_restaurant buffet_restaurant pizza_restaurant event_venue restaurant food point_of_interest service establishment,https://maps.google.com/?cid=459588141520915083&g_mp=Cidnb29nbGUubWFwcy5wbGFjZXMudjEuUGxhY2VzLlNlYXJjaFRleHQQAhgEIAA
Vitrine Recheada - Doces e Salgados | Centro Joinville,"R. Min. Calógeras, 266 - Sl 04 - Centro, Joinville - SC, 89201-490",https://pedir.delivery/vitrinerecheada,(47) 99669-6192,sim,sim,4.8,139,OPERATIONAL,meal_delivery,meal_delivery pastry_shop snack_bar gift_shop dessert_shop bakery supplier food_delivery confectionery food_store meal_takeaway store restaurant food point_of_interest establishment,https://maps.google.com/?cid=14720072482829380348&g_mp=Cidnb29nbGUubWFwcy5wbGFjZXMudjEuUGxhY2VzLlNlYXJjaFRleHQQAhgEIAA
VOLTOLINI PIZZARIA,"Ao lado do Bistek - R. Tuiuti, 1426 - Aventureiro, Joinville - SC, 89226-290",https://pedir.delivery/app/pizzariavoltolini/menu,(47) 99697-2533,sim,sim,4.4,199,OPERATIONAL,pizza_restaurant,pizza_restaurant restaurant food point_of_interest establishment,https://maps.google.com/?cid=1984084418126239419&g_mp=Cidnb29nbGUubWFwcy5wbGFjZXMudjEuUGxhY2VzLlNlYXJjaFRleHQQAhgEIAA
Vostro Ristorante,"R. Otto Boehm, 806 - América, Joinville - SC, 89201-700",https://www.instagram.com/vostro.ristorante/,(47) 3085-7669,sim,sim,4.8,1364,OPERATIONAL,italian_restaurant,italian_restaurant pizza_restaurant european_restaurant restaurant food point_of_interest establishment,https://maps.google.com/?cid=531363687306853782&g_mp=Cidnb29nbGUubWFwcy5wbGFjZXMudjEuUGxhY2VzLlNlYXJjaFRleHQQAhgEIAA
Vó Vilma Pizzaria Delivery,"R. Ver. Conrado de Mira, 604 - Sala 02 - Costa e Silva, Joinville - SC, 89219-310",http://pedir.delivery/app/pizzariavovilma/menu,(47) 99116-2369,sim,sim,4.9,65,OPERATIONAL,pizza_delivery,pizza_delivery meal_delivery food_delivery wholesaler food point_of_interest service establishment,https://maps.google.com/?cid=7692181164336120927&g_mp=Cidnb29nbGUubWFwcy5wbGFjZXMudjEuUGxhY2VzLlNlYXJjaFRleHQQAhgEIAA
WMS Lanches e Porções,"R. Tuiuti, 4170 - Aventureiro, Joinville - SC, 89226-001",https://pedir.delivery/app/wmslanches/menu,(47) 99761-4166,sim,sim,3.7,528,OPERATIONAL,snack_bar,snack_bar meal_takeaway restaurant food point_of_interest establishment,https://maps.google.com/?cid=1212641936882527659&g_mp=Cidnb29nbGUubWFwcy5wbGFjZXMudjEuUGxhY2VzLlNlYXJjaFRleHQQAhgEIAA
WMS Lanches e Porções 2,"R. Albano Schmidt, 4408 - Comasa, Joinville - SC, 89227-701",https://www.instagram.com/wmslanches?igsh=MWRoYWVkMjAzdzh0OA==,(47) 99771-3399,sim,sim,4.2,313,OPERATIONAL,snack_bar,snack_bar meal_takeaway restaurant food point_of_interest establishment,https://maps.google.com/?cid=2298626418460295262&g_mp=Cidnb29nbGUubWFwcy5wbGFjZXMudjEuUGxhY2VzLlNlYXJjaFRleHQQAhgEIAA
X da Hora Lanchonete,"R. Monsenhor Gercino, 5189 - Jarivatuba, Joinville - SC, 89230-275",https://xdahora.menudino.com/,(47) 98818-4288,sim,sim,3,329,OPERATIONAL,snack_bar,snack_bar meal_takeaway restaurant food point_of_interest establishment,https://maps.google.com/?cid=1640438845693672970&g_mp=Cidnb29nbGUubWFwcy5wbGFjZXMudjEuUGxhY2VzLlNlYXJjaFRleHQQAhgEIAA
X Montanha,"R. Fátima, 1960 - Fátima, Joinville - SC, 89229-102",,(47) 98884-1884,sim,sim,4.2,121,OPERATIONAL,snack_bar,snack_bar meal_takeaway restaurant food point_of_interest establishment,https://maps.google.com/?cid=14264770905589042380&g_mp=Cidnb29nbGUubWFwcy5wbGFjZXMudjEuUGxhY2VzLlNlYXJjaFRleHQQAhgEIAA
X-Picanha,"R. Fátima, 545 - Itaum, Joinville - SC, 89210-681",https://pedir.delivery/app/xpicanha/menu,(47) 3466-3245,sim,sim,4.6,2180,OPERATIONAL,snack_bar,snack_bar hamburger_restaurant fast_food_restaurant american_restaurant meal_takeaway restaurant food point_of_interest establishment,https://maps.google.com/?cid=15240151150345367275&g_mp=Cidnb29nbGUubWFwcy5wbGFjZXMudjEuUGxhY2VzLlNlYXJjaFRleHQQAhgEIAA
Zeu Lanches,"R. Ramiro Bueno da Rocha, 27 - Boehmerwald, Joinville - SC, 89232-320",https://m.facebook.com/ZeuLanches,(47) 99994-6919,sim,sim,4,523,OPERATIONAL,snack_bar,snack_bar fast_food_restaurant meal_takeaway restaurant food point_of_interest establishment,https://maps.google.com/?cid=16740422061559015517&g_mp=Cidnb29nbGUubWFwcy5wbGFjZXMudjEuUGxhY2VzLlNlYXJjaFRleHQQAhgEIAA
